org_slug,org_name,other_org_names,source
3126-corporation,3126 Corporation,,2015 Part 1;2016 Part 1;2017 Part 1
4-shadow-tree-lane-llc,4 Shadow Tree Lane LLC,,2015 Part 1;2016 Part 1;2017 Part 1;2015 Exhibit A
4-shadow-tree-lane-member-corp,4 Shadow Tree Lane Member Corp,,2015 Part 1;2016 Part 1;2017 Part 1;2015 Exhibit A
40-wall-development-associates-llc,40 Wall Development Associates LLC,,2015 Part 1;2016 Part 1;2017 Part 1;2015 Exhibit A
40-wall-street-commercial-llc,40 Wall Street Commercial LLC,,2015 Part 1;2016 Part 1;2017 Part 1;2015 Exhibit A
40-wall-street-llc,40 Wall Street LLC,,2015 Part 1;2016 Part 1;2017 Part 1;2015 Exhibit A;2017 Part 2;2016 Part 2
40-wall-street-member-corp,40 Wall Street Member Corp,,2015 Part 1;2016 Part 1;2017 Part 1;2015 Exhibit A
401-mezz-venture-llc,401 Mezz Venture LLC,,2015 Part 1;2016 Part 1;2017 Part 1
401-north-wabash-venture-llc,401 North Wabash Venture LLC,,2015 Part 1;2016 Part 1;2017 Part 1
55-wall-development-corp,55 Wall Development Corp,,2015 Part 1;2016 Part 1
767-manager-llc,767 Manager LLC,,2015 Part 1;2016 Part 1
809-north-canon-llc,809 North Canon LLC,,2015 Part 1;2016 Part 1;2017 Part 1;2015 Part 2;2016 Part 2;2017 Part 2;2015 Exhibit A
809-north-canon-member-corporation,809 North Canon Member Corporation,,2015 Part 1;2016 Part 1;2017 Part 1;2015 Part 2;2016 Part 2;2015 Exhibit A
81-pine-note-holder-inc,81 Pine Note Holder Inc,,2015 Part 1;2016 Part 1;2017 Part 1;2015 Exhibit A
ace-entertainment-holdings-inc-fka-trump-casinos-inc-formerly-trump-taj-mahal-inc,"Ace Entertainment Holdings Inc (f/k/a Trump Casinos Inc. & Formerly Trump Taj Mahal, Inc)","Ace Entertainment Holdings Inc;Trump Casinos Inc.;Trump Taj Mahal, Inc;TTMI",2015 Part 1;2016 Part 1;2017 Part 1;2015 Exhibit A
aviation-payroll-company,Aviation Payroll Company,,2015 Part 1;2016 Part 1;2017 Part 1;2015 Exhibit A
b-plaza-realty-corp,B Plaza Realty Corp.,,2015 Part 1;2016 Part 1;2017 Part 1;2015 Exhibit A
bedford-hills-corp,Bedford Hills Corp,,2015 Part 1;2016 Part 1;2017 Part 1;2015 Exhibit A
briar-hall-operations-llc,Briar Hall Operations LLC,,2015 Part 1;2016 Part 1;2017 Part 1;2015 Exhibit A
briarcliff-properties-inc,"Briarcliff Properties, Inc",,2015 Part 1;2016 Part 1;2017 Part 1;2015 Exhibit A
c-development-ventures-llc,C DEVELOPMENT VENTURES LLC,,2016 Part 1;2017 Part 1;2016 Exhibit A
c-development-ventures-member-corp,C DEVELOPMENT VENTURES MEMBER CORP,,2016 Part 1;2017 Part 1;2016 Exhibit A
caribusiness-mre-llc,Caribusiness MRE LLC,,2015 Part 1;2016 Part 1;2017 Part 1;2015 Exhibit A
caribusiness-re-corp-the,"Caribusiness RE Corp, The",The Caribusiness RE Corp,2015 Part 1;2016 Part 1;2017 Part 1;2015 Exhibit A
chelsea-hall-llc,Chelsea Hall LLC,,2015 Part 1;2016 Part 1;2017 Part 1;2015 Exhibit A
chicago-unit-acquisition-llc,Chicago Unit Acquisition LLC,,2015 Part 1;2016 Part 1;2017 Part 1;2016 Part 2;2015 Exhibit A
china-trademark-llc,China Trademark LLC,,2015 Part 1;2016 Part 1;2017 Part 1;2015 Exhibit A
coronet-hall-inc,Coronet Hall Inc.,,2015 Part 1;2016 Part 1;2017 Part 1;2015 Exhibit A
d-b-pace-acquisition-llc,"D B Pace Acquisition, LLC",,2015 Part 1;2016 Part 1;2017 Part 1;2015 Part 2;2016 Part 2;2017 Part 2;2015 Exhibit A
d-b-pace-acquisition-member-corp,D B Pace Acquisition Member Corp,,2015 Part 1;2016 Part 1;2017 Part 1;2015 Exhibit A
development-member-inc,Development Member Inc.,,2015 Part 1;2016 Part 1;2017 Part 1;2015 Exhibit A
dj-aerospace-bermuda-limited,DJ Aerospace (Bermuda) Limited,,2015 Part 1;2016 Part 1;2017 Part 1;2015 Exhibit A
djt-aerospace-llc,DJT Aerospace LLC,,2015 Part 1;2016 Part 1;2017 Part 1;2015 Part 2;2016 Part 2;2017 Part 2;2015 Exhibit A
djt-entrepreneur-managing-member-llc-fka-djt-university-managing-member-llc,DJT Entrepreneur Managing Member LLC (f/k/a DJT University Managing Member LLC),DJT Entrepreneur Managing Member LLC;DJT University Managing Member LLC,2015 Part 1;2016 Part 1;2017 Part 1;2015 Exhibit A
djt-entrepreneur-member-llc-fka-djt-university-member-llc,DJT Entrepreneur Member LLC (f/k/a DJT University Member LLC),DJT Entrepreneur Member LLC;DJT University Member LLC,2015 Part 1;2016 Part 1;2017 Part 1;2015 Exhibit A
djt-funding-corp,DJT Funding Corp.,,2015 Part 1;2016 Part 1;2017 Part 1;2015 Exhibit A
djt-holdings-inc,DJT Holdings Inc.,,2015 Part 1;2016 Part 1;2017 Part 1;2015 Part 2;2016 Part 2;2017 Part 2;2015 Exhibit A
djt-holdings-llc,DJT Holdings LLC,DJT 3 Holdings LLC,2015 Part 1;2016 Part 1;2017 Part 1;2015 Part 2;2016 Part 2;2017 Part 2;2015 Exhibit A
djt-holdings-managing-member-llc,DJT Holdings Managing Member LLC,,2015 Part 1;2016 Part 1;2017 Part 1;2015 Part 2;2015 Exhibit A
djt-land-holdings-member-corp,DJT Land Holdings Member Corp,,2015 Part 1;2016 Part 1;2017 Part 1;2015 Exhibit A
djt-operations-cx-llc,DJT Operations CX LLC,,2015 Part 1;2016 Part 1;2017 Part 1;2015 Part 2;2016 Part 2;2015 Exhibit A
djt-operations-i-llc,DJT Operations I LLC,,2015 Part 1;2016 Part 1;2017 Part 1;2015 Part 2;2016 Part 2;2017 Part 2;2015 Exhibit A
djt-operations-ii-llc,DJT Operations II LLC,,2015 Part 1;2016 Part 1;2017 Part 1;2015 Exhibit A
dsn-licensing-llc-fka-trump-marks-network-llc,DSN Licensing LLC (fka Trump Marks Network LLC),DSN Licensing LLC;Trump Marks Network LLC,2015 Part 1;2016 Part 1;2017 Part 1;2015 Exhibit A
dsn-licensing-member-corp-fka-trump-marks-network-member-inc,DSN Licensing Member Corp (fka Trump Marks Network Member Inc),DSN Licensing Member Corp;Trump Marks Network Member Inc,2015 Part 1;2016 Part 1;2017 Part 1;2015 Exhibit A
dt-app-warrant-holding-llc,DT APP Warrant Holding LLC,,2015 Part 1;2016 Part 1;2017 Part 1;2015 Exhibit A
dt-app-warrant-holding-managing-member-corp,DT APP Warrant Holding Managing Member Corp,,2015 Part 1;2016 Part 1;2017 Part 1;2015 Exhibit A
dt-bali-golf-manager-llc,DT Bali Golf Manager LLC *,,2016 Part 1;2017 Part 1;2016 Exhibit A
dt-bali-golf-manager-member-corp,DT Bali Golf Manager Member Corp *,,2016 Part 1;2017 Part 1;2016 Exhibit A
dt-bali-hotel-manager-llc,DT Bali Hotel Manager LLC *,,2016 Part 1;2017 Part 1;2016 Exhibit A
dt-bali-hotel-manager-member-corp,DT Bali Hotel Manager Member Corp *,,2016 Part 1;2017 Part 1;2016 Part 2;2017 Part 2;2016 Exhibit A
dt-bali-technical-services-manager-llc,DT Bali Technical Services Manager LLC,,2016 Part 1;2017 Part 1;2016 Exhibit A
dt-bali-technical-services-manager-member-corp,DT Bali Technical Services Manager Member Corp *,,2016 Part 1;2017 Part 1; 2017 Exhibit A
dt-connect-europe-limited,DT Connect Europe Limited *,,2016 Part 1;2017 Part 1;2016 Part 2;2017 Part 2;2016 Exhibit A
dt-connect-ii-llc,DT Connect II LLC,,2015 Part 1;2016 Part 1;2017 Part 1;2015 Part 2; 2016 Part 2;2017 Part 2;2015 Exhibit A
dt-connect-ii-member-corp,DT Connect II Member Corp,,2015 Part 1;2016 Part 1;2017 Part 1;2015 Exhibit A
dt-connect-llc,DT Connect LLC,,2015 Part 2;2016 Part 1;2017 Part 1;2015 Part 2;Exhibit A 2015
dt-connect-managing-member-corp,DT Connect Managing Member Corp,,2015 Part 1;2016 Part 1;2017 Part 1;2015 Exhibit A
dt-dubai-golf-manager-llc,DT Dubai Golf Manager LLC,,2015 Part 1;2016 Part 1;2017 Part 1;2015 Part 2;2016 Part 2;2017 Part 2;2015 Exhibit A
dt-dubai-golf-manager-member-corp,DT Dubai Golf Manager Member Corp,,2015 Part 1;2016 Part 1;2017 Part 1;2015 Exhibit A
dt-dubai-ii-golf-manager-llc,DT Dubai II Golf Manager LLC,,2015 Part 1;2016 Part 2;2017 Part 1;2016 Part 2;2017 Part 2;2015 Exhibit A
dt-dubai-ii-golf-manager-member-corp,DT Dubai II Golf Manager Member Corp,,2015 Part 1;2016 Part 1;2017 Part 1;2015 Exhibit A
dt-endeavor-i-llc,DT Endeavor I LLC,,2016 Part 1;2017 Part 1;2016 Part 2;2017 Part 2;2016 Exhibit A
dt-endeavor-i-member-corp,DT Endeavor I Member Corp,,2016 Part 1;2017 Part 1;2017 Exhibit A
dt-home-marks-international-llc,DT Home Marks International LLC,,2015 Part 1;2016 Part 1;2017 Part 1;2015 Part 2;2016 Part 2;2017 Part 2;2015 Exhibit A
dt-home-marks-international-member-corp,DT Home Marks International Member Corp,,2016 Part 1;2017 Part 1;2017 Exhibit A
dt-india-venture-llc,DT India Venture LLC,,2016 Part 1;2017 Part 1;2017 Exhibit A
dt-india-venture-managing-member-corp,Dt India Venture Managing Member Corp,,2016 Part 1;2017 Part 1;2017 Exhibit A
dt-jeddah-technical-services-manager-member-corp,DT Jeddah Technical Services Manager Member Corp,,2016 Part 1;2017 Part 1;2016 Exhibit A
dt-jeddah-technical-services-advisor-llc,DT Jeddah Technical Services Advisor LLC,,2016 Part 1;2017 Part 1;2016 Exhibit A
dt-jeddah-technical-services-advisor-member-corp,DT Jeddah Technical Services Advisor Member Corp,,2016 Part 1;2017 Part 1;2016 Exhibit A
dt-jeddah-technical-services-manager-llc,DT Jeddah Technical Services Manager LLC,,2016 Part 1;2017 Part 1;2016 Exhibit A
dt-lido-golf-manager-llc,DT Lido Golf Manager LLC *,,2016 Part 1;2017 Part 1;2016 Exhibit A
dt-lido-golf-manager-member-corp,DT Lido Golf Manager Member Corp *,,2016 Part 1;2017 Part 1;2016 Exhibit A
dt-lido-hotel-manager-llc,DT Lido Hotel Manager LLC *,,2016 Part 1;2017 Part 1;2016 Exhibit A
dt-lido-hotel-manager-member-corp,DT Lido Hotel Manager Member Corp *,,2016 Part 1;2017 Part 1;2016 Exhibit A
dt-lido-technical-services-manager-llc,DT Lido Technical Services Manager LLC *,,2016 Part 1;2017 Part 1;2016 Part 2;2017 Part 2;2016 Exhibit A
dt-lido-technical-services-manager-member-corp,DT Lido Technical Services Manager Member Corp *,,2016 Part 1;2017 Part 1;2016 Exhibit A
dt-marks-baku-llc,DT Marks Baku LLC,,2015 Part 1;2016 Part 1;2017 Part 1;2015 Exhibit A
dt-marks-baku-managing-member-corp,DT Marks Baku Managing Member Corp,,2015 Part 1;2016 Part 1;2017 Part 1;2015 Exhibit A
dt-marks-bali-llc,DT MARKS BALI LLC,,2016 Part 1;2017 Part 1;2016 Part 2;2015 Exhibit A
dt-marks-bali-member-corp,DT Marks Bali Member Corp *,,2016 Part 1;2017 Part 1;2016 Exhibit A
dt-marks-dubai-ii-llc,DT Marks Dubai II LLC,,2015 Part 1;2016 Part 1;2017 Part 1;2015 Exhibit A
dt-marks-dubai-ii-member-corp,DT Marks Dubai II Member Corp,,2015 Part 1;2016 Part 1;2017 Part 1;2015 Exhibit A
dt-marks-dubai-llc,DT Marks Dubai LLC,,2015 Part 1;2016 Part 1;2017 Part 1;2016 Part 2;2015 Exhibit A
dt-marks-dubai-member-corp,DT Marks Dubai Member Corp,,2015 Part 1;2016 Part 1;2017 Part 1;2015 Exhibit A
dt-marks-gurgaon-llc,DT Marks Gurgaon LLC,,2015 Part 1;2016 Part 1;2017 Part 1;2015 Exhibit A
dt-marks-gurgaon-managing-member-corp,DT Marks Gurgaon Managing Member Corp,,2015 Part 1;2016 Part 1;2017 Part 1;2015 Exhibit A
dt-marks-jersey-city-llc,DT Marks Jersey City LLC,,2015 Part 1;2016 Part 1;2017 Part 1;2015 Exhibit A
dt-marks-jupiter-llc,DT Marks Jupiter LLC,,2015 Part 1;2016 Part 1;2017 Part 1;2015 Exhibit A
dt-marks-lido-llc,DT Marks Lido LLC *,,2016 Part 1;2017 Part 1;2016 Part 2;2016 Exhibit A
dt-marks-lido-member-corp,DT Marks Lido Member Corp *,,2016 Part 1;2017 Part 1;2016 Exhibit A
dt-marks-products-international-llc,DT Marks Products International LLC,,2015 Part 1;2016 Part 1;2017 Part 1;2015 Part 2;2015 Exhibit A
dt-marks-products-international-member-corp,DT Marks Products International Member Corp,,2015 Part 1;2016 Part 1;2017 Part 1;2015 Exhibit A
dt-marks-pune-ii-llc,DT MARKS PUNE II LLC,,2015 Part 1;2016 Part 1;2017 Part 1;2015 Exhibit A
dt-marks-pune-ii-managing-member-corp,DT Marks Pune II Managing Member Corp,,2015 Part 1;2016 Part 1;2017 Part 1;2015 Exhibit A
dt-marks-pune-llc,DT Marks Pune LLC,,2015 Part 1;2016 Part 1;2017 Part 1;2015 Part 2;2016 Part 2;2015 Exhibit A
dt-marks-pune-managing-member-corp,DT Marks Pune Managing Member Corp,,2015 Part 1;2016 Part 1;2017 Part 1;2015 Exhibit A
dt-marks-qatar-llc,DT Marks Qatar LLC,,2015 Part 1;2016 Part 1;2017 Part 1;2015 Exhibit A
dt-marks-qatar-member-corp,DT Marks Qatar Member Corp,,2015 Part 1;2016 Part 1;2017 Part 1;2015 Exhibit A
dt-marks-rio-llc,DT Marks Rio LLC,,2015 Part 1;2016 Part 1;2017 Part 1;2015 Exhibit A
dt-marks-rio-member-corp,DT Marks Rio Member Corp,,2015 Part 1;2016 Part 1;2017 Part 1;2015 Exhibit A
dt-marks-vancouver-lp,DT Marks Vancouver LP,,2015 Part 1;2016 Part 1;2017 Part 1;2017 Part 2;2015 Exhibit A
dt-marks-vancouver-member-corp,DT Marks Vancouver Member Corp,,2015 Part 1;2016 Part 1;2017 Part 1;2015 Exhibit A
dt-marks-worli-llc,DT Marks Worli LLC,,2015 Part 1;2016 Part 1;2017 Part 1;2015 Part 2;2016 Part 2;2017 Part 2;2015 Exhibit A
dt-marks-worli-member-corp,DT Marks Worli Member Corp,,2015 Part 1;2016 Part 1;2017 Part 1;2015 Exhibit A
dt-tower-gurgaon-llc,DT Tower Gurgaon LLC,,2015 Part 1;2016 Part 1;2017 Part 1;2016 Part 2;2017 Part 2
dt-tower-gurgaon-managing-member-corp,DT Tower Gurgaon Managing Member Corp,,2015 Part 1;2016 Part 1;2017 Part 1;2015 Exhibit A
dt-tower-i-llc,DT Tower I LLC,,2016 Part 1;2017 Part 1;2016 Exhibit A
dt-tower-i-member-corp,DT Tower I Member Corp,,2016 Part 1;2017 Part 1;2016 Exhibit A
dt-tower-ii-llc,DT Tower II LLC,,2016 Part 1;2017 Part 1;2017 Exhibit A
dt-tower-ii-member-corp,DT Tower II Member Corp,,2016 Part 1;2017 Part 1;2017 Exhibit A
dt-tower-kolkata-llc,DT Tower Kolkata LLC,,2016 Part 1;2017 Part 1;2016 Exhibit A
dt-tower-kolkata-managing-member-corp,DT Tower Kolkata Managing Member Corp,,2016 Part 1;2017 Part 1;2016 Exhibit A
dt-venture-i-llc,DT Venture I LLC,,2016 Part 1;2017 Part 1;2017 Part 2;2017 Exhibit A
dt-venture-i-member-corp,DT Venture I Member Corp,,2016 Part 1;2017 Part 1;2017 Exhibit A
dt-venture-ii-llc,DT Venture II LLC,,2016 Part 1;2017 Part 1;2017 Exhibit A
dt-venture-ii-member-corp,DT Venture II Member Corp,,2016 Part 1;2017 Part 1;2017 Exhibit A
dttm-operations-llc,DTTM Operations LLC,,2016 Part 1;2017 Part 2;2017 Part 2;2016 Exhibit A
dttm-operations-managing-member-corp,DTTM Operations Managing Member Corp,DTTM Operations Managing Member,2016 Part 1;2017 Part 2;2016 Exhibit A
dtw-venture-llc,DTW Venture LLC,,2015 Part 1;2016 Part 1;2017 Part 1;2017 Part 2;2015 Exhibit A
dtw-venture-managing-member-corp,DTW Venture Managing Member Corp,,2015 Part 1;2016 Part 1;2017 Part 1;2015 Exhibit A
east-61-st-company-l-p-the,"East 61 St Company, L.P., The",The East 61 Street Company LP,2015 Part 1;2016 Part 1;2017 Part 1;2017 Part 1;2015 Part 2;2016 Part 2;2017 Part 2;2015 Exhibit A
eid-venture-i-corporation,EID Venture I Corporation,,2015 Part 1;2016 Part 1;2017 Part 1;2015 Exhibit A
eid-venture-i-llc,EID Venture I LLC,,2015 Part 1;2016 Part 1;2017 Part 1;2015 Exhibit A
eid-venture-ii-llc,EID Venture II LLC,,2016 Part 1;2016 Part 1;2016 Exhibit A
eid-venture-ii-member-corp,EID Venture II Member Corp,,2016 Part 1;2016 Part 1;2016 Exhibit A
excel-venture-i-corp,Excel Venture I Corp,Excel Venture I Corporation,2015 Part 1;2016 Part 1;2016 Part 1;2016 Exhibit A
excel-venture-i-llc,Excel Venture I LLC,,2015 Part 1;2016 Part 1;2017 Part 1;2015 Part 2;2016 Part 2;2017 Part 2;2015 Exhibit A
fifty-seven-management-corp,Fifty Seven Management Corp,,2015 Part 1;2016 Part 1;2017 Part 1;2015 Part 2;2015 Exhibit A
fifty-seventh-street-associates-llc,Fifty Seventh Street Associates LLC,,2015 Part 1;2016 Part 1;2017 Part 1;2015 Part 2;2016 Part 2;2017 Part 2;2015 Exhibit A
first-member-inc,"First Member, Inc.",,2015 Part 1;2016 Part 1;2017 Part 1;2015 Exhibit A
flights-inc-formerly-trump-flights-inc,"Flights, Inc. (Formerly Trump Flights, Inc.)","Flights, Inc;Trump Flights, Inc.",2015 Part 1;2016 Part 1;2017 Part 1;2015 Part 2;2015 Exhibit A
florida-properties-management-llc,Florida Properties Management LLC,,2015 Part 1;2016 Part 1;2017 Part 1;2015 Exhibit A
fontainbleu-apartments-llc,Fontainbleu Apartments LLC,Fountainbleu Apartments LLC,2015 Part 1;2016 Part 1;2017 Part 1;2015 Exhibit A
fred-c-trump-grat-trust-fbo-elizabeth-trump-grau,"Fred C. Trump, GRAT Trust- F/B/O Elizabeth Trump Grau",,2015 Part 1;2016 Part 1;2017 Part 1
golf-productions-llc,Golf Productions LLC,,2015 Part 1;2016 Part 1;2017 Part 1;2015 Part 2;2015 Exhibit A
golf-productions-member-corp,Golf Productions Member Corp,,2015 Part 1;2016 Part 1;2017 Part 1;2015 Exhibit A
golf-recreation-scotland-limited,Golf Recreation Scotland Limited,,2015 Part 1;2016 Part 1;2017 Part 1;2015 Exhibit A
helicopter-air-services-inc,"Helicopter Air Services, Inc.",,2015 Part 1;2016 Part 1;2017 Part 1;2015 Exhibit A
highlander-hall-inc,"Highlander Hall, Inc.",,2015 Part 1;2016 Part 1;2017 Part 1;2015 Exhibit A
hudson-waterfront-associates-i-l-p,"Hudson Waterfront Associates I, L.P.","Hudson Waterfront Associates I, LP",2015 Part 1;2016 Part 1;2015 Exhibit A
hudson-waterfront-associates-ii-l-p,"Hudson Waterfront Associates II, L.P.","Hudson Waterfront Associates II, LP",2015 Part 1;2016 Part 1;2015 Part 2;2015 Exhibit A
hudson-waterfront-associates-iii-l-p,"Hudson Waterfront Associates III, L.P.","Hudson Waterfront Associates III, LP",2015 Part 1;2016 Part 1;2015 Exhibit A
hudson-waterfront-associates-iv-l-p,"Hudson Waterfront Associates IV, L.P.","Hudson Waterfront Associates IV, LP",2015 Part 1;2016 Part 1;2015 Exhibit A
hudson-waterfront-associates-l-p,"Hudson Waterfront Associates, L.P.","Hudson Waterfront Associates, LP",2015 Part 1;2016 Part 1;2015 Exhibit A
hudson-waterfront-associates-v-l-p,"Hudson Waterfront Associates V, L.P.","Hudson Waterfront Associates V, LP",2015 Part 1;2016 Part 1;2015 Exhibit A
identity-theft-productions-llc,Identity Theft Productions LLC,,2015 Part 1;2016 Part 1
identity-theft-productions-member-corp,Identity Theft Productions Member Corp,,2015 Part 1;2016 Part 1
indian-hills-holdings-llc-fka-indian-hills-development-llc,Indian Hills Holdings LLC f/k/a Indian Hills Development LLC,Indian Hills Holdings LLC;Indian Hills Development LLC,2015 Part 1;2016 Part 1;2015 Part 2;2015 Exhibit A
jupiter-golf-club-llc,Jupiter Golf Club LLC,Trump National Golf Club - Jupiter,2015 Part 1;2016 Part 1;2017 Part 1;2015 Exhibit A
jupiter-golf-club-managing-member-corp,Jupiter Golf Club Managing Member Corp,,2015 Part 1;2016 Part 1;2017 Part 1;2015 Part 2;2016 Part 2;2017 Part 2;2015 Exhibit A
lamington-family-holdings-llc,Lamington Family Holdings LLC,,2015 Part 1;2016 Part 1;2017 Part 1;2015 Part 2;2016 Part 2;2017 Part 2;2015 Exhibit A
lamington-farm-club-llc,Lamington Farm Club LLC,,2015 Part 1;2016 Part 1;2017 Part 1;2015 Part 2;2016 Part 2;2017 Part 2;2015 Exhibit A
lawrence-towers-apartments-llc,Lawrence Towers Apartments LLC,,2015 Part 1;2016 Part 1;2017 Part 1;2015 Exhibit A
lfb-acquisition-llc,LFB Acquisition LLC,,2015 Part 1;2016 Part 1;2017 Part 1;2015 Part 2;2015 Exhibit A
lfb-acquisition-member-corp,LFB Acquisition Member Corp,,2015 Part 1;2016 Part 1;2017 Part 1;2015 Exhibit A
mar-a-lago-club-inc,"Mar A Lago Club, Inc",,2015 Part 1;2016 Part 1;2017 Part 1;2015 Exhibit A
mar-a-lago-club-llc,"Mar A Lago Club, LLC","MAR-A-LAGO CLUB, L.L.C, L.C.;MAR-A-LAGO CLUB, L.L.C",2015 Part 1;2016 Part 1;2017 Part 1;2015 Part 2;2016 Part 2;2017 Part 2;2015 Exhibit A
maryanne-trump-grat-trust-fbo-elizabeth-trump-grau,Maryanne Trump GRAT Trust- F/B/O Elizabeth Trump Grau,,2015 Part 1;2016 Part 1;2017 Part 1
midland-associates,Midland Associates,Midland Associates LLC,2015 Part 1;2016 Part 1;2017 Part 1;2015 Exhibit A
miss-universe-lp-lllp-formerly-trump-pageants-lp,"Miss Universe LP, LLLP (Formerly Trump Pageants, LP)","Miss Universe LP, LLLP;Formerly Trump Pageants, LP",2015 Part 1;2016 Part 1;2017 Part 1;2015 Part 2;2016 Part 2;2017 Part 2;2015 Exhibit A
mobile-payroll-construction-llc,Mobile Payroll Construction LLC *,,2016 Part 1;2017 Part 1;2016 Part 2;2017 Part 2;2015 Exhibit A;2016 Exhibit A
mobile-payroll-construction-manager-corp,Mobile Payroll Construction Manager Corp *,,2016 Part 1;2017 Part 1;2015 Exhibit A;2016 Exhibit A
nitto-world-co-limited,"Nitto World Co., Limited",,2015 Part 1;2016 Part 1;2017 Part 1;2015 Exhibit A
ocean-development-member-inc,Ocean Development Member Inc,,2015 Part 1;2016 Part 1;2017 Part 1;2015 Exhibit A
ocean-development-services-llc,Ocean Development Services LLC,,2015 Part 1;2016 Part 1;2017 Part 1;2015 Exhibit A
opo-hotel-manager-llc,OPO Hotel Manager LLC,,2015 Part 1;2016 Part 1;2017 Part 1;2016 Part 2;2015 Exhibit A
opo-hotel-manager-member-corp,OPO Hotel Manager Member Corp,,2015 Part 1;2016 Part 1;2017 Part 1;2015 Exhibit A
owo-developer-llc,OWO Developer LLC,,2015 Part 1;2016 Part 1;2017 Part 1;2015 Exhibit A
panama-ocean-club-management-llc,Panama Ocean Club Management LLC,,2015 Part 1;2016 Part 1;2017 Part 1;2015 Exhibit A
panama-ocean-club-management-member-corp,Panama Ocean Club Management Member Corp,,2015 Part 1;2016 Part 1;2017 Part 1;2015 Exhibit A
paramount-rpv-holdings-llc,Paramount RPV Holdings LLC,,2015 Part 1;2016 Part 1;2017 Part 1;2015 Exhibit A
paramount-rpv-holdings-manager-corp,Paramount RPV Holdings Manager Corp,,2015 Part 1;2016 Part 1;2017 Part 1;2015 Exhibit A
parc-consulting-inc,"Parc Consulting, Inc",,2015 Part 1;2016 Part 1;2017 Part 1;2015 Part 2;2015 Exhibit A
park-briar-associates,Park Briar Associates,,2015 Part 1;2016 Part 1;2017 Part 1;2015 Exhibit A
pine-hill-development-llc,Pine Hill Development LLC,,2015 Part 1;2016 Part 1;2017 Part 1;2015 Part 2;2016 Part 2;2017 Part 2;2015 Exhibit A
pine-hill-development-managing-member-corp,Pine Hill Development Managing Member Corp,,2015 Part 1;2016 Part 1;2017 Part 1;2015 Exhibit A
plaza-consulting-corp,Plaza Consulting Corp,,2015 Part 1;2016 Part 1;2017 Part 1;2015 Exhibit A
poker-venture-llc,Poker Venture LLC,,2015 Part 1;2016 Part 1;2017 Part 1;2015 Exhibit A
poker-venture-managing-member-corp,Poker Venture Managing Member Corp,,2015 Part 1;2016 Part 1;2017 Part 1;2015 Exhibit A
reg-tru-equities-ltd,Reg Tru Equities LTD,,2015 Part 1;2016 Part 1;2017 Part 1;2015 Exhibit A
restaurant-40-llc,"Restaurant 40, LLC",,2015 Part 1;2016 Part 1;2017 Part 1;2015 Exhibit A
restaurant-40-member-corp,Restaurant 40 Member Corp,,2015 Part 1;2016 Part 1;2017 Part 1;2015 Exhibit A
rpv-development-llc,RPV Development LLC,,2015 Part 1;2016 Part 1;2017 Part 1;2015 Exhibit A
scotland-acquisitions-llc,Scotland Acquisitions LLC,,2015 Part 1;2016 Part 1;2017 Part 1;2015 Exhibit A
sentient-jets-llc-nowknownas-trump-jets-llc,Sentient Jets LLC (Now/Known/As Trump Jets LLC),Sentient Jets LLC;Trump Jets LLC,2015 Part 1;2016 Part 1;2017 Part 1;2015 Exhibit A
sentient-jets-member-corp,Sentient Jets Member Corp,,2015 Part 1;2016 Part 1;2017 Part 1;2015 Exhibit A
seven-springs-llc,Seven Springs LLC,,2015 Part 1;2016 Part 1;2017 Part 1;2015 Part 2;2016 Part 2;2017 Part 2;2015 Exhibit A
shore-haven-apt-1-inc,"Shore Haven Apt #1, Inc",,2015 Part 1;2016 Part 1;2017 Part 1;2015 Exhibit A
shore-haven-management-corp,Shore Haven Management Corp,,2015 Part 1;2016 Part 1;2015 Exhibit A
shore-haven-shopping-center-llc,Shore Haven Shopping Center LLC,,2015 Part 1;2016 Part 1;2017 Part 1;2015 Exhibit A
slc-turnberry-limited,SLC Turnberry Limited,,2015 Part 1;2016 Part 1;2017 Part 1
south-beach-venture-llc-fka-thc-marks-rio-llc,South Beach Venture LLC (fka THC Marks Rio LLC),South Beach Venture LLC;THC Marks Rio LLC,2015 Part 1
south-beach-venture-member-corp-fka-thc-marks-rio-member-corp,South Beach Venture Member Corp (fka THC Marks rio Member Corp),South Beach Venture Member Corp;THC Marks rio Member Corp,2015 Part 1
sussex-hall-inc,"Sussex Hall, Inc.",,2015 Part 1;2016 Part 1;2017 Part 1;2015 Exhibit A
t-international-realty-llc-dba-trump-international-realty,T International Realty LLC (dba Trump International Realty),T International Realty LLC;Trump International Realty,2015 Part 1;2016 Part 1;2017 Part 1;2015 Part 2;2016 Part 2;2017 Part 2;2015 Exhibit A
tag-air-inc,"Tag Air, Inc.",,2015 Part 1;2016 Part 1;2017 Part 1;2016 Part 2;2017 Part 2;2015 Exhibit A
tb-member-llc,TB Member LLC,,2015 Part 1
tc-marks-buenos-aires-llc,TC MARKS BUENOS AIRES LLC,,2016 Part 1;2017 Part 1;2016 Exhibit A
thc-baku-hotel-manager-services-llc,THC Baku Hotel Manager Services LLC,,2015 Part 1;2016 Part 1;2017 Part 1;2015 Part 2;2015 Exhibit A
thc-baku-hotel-manager-services-member-corp,THC Baku Hotel Manager Services Member Corp.,,2015 Part 1;2016 Part 1;2017 Part 1;2015 Part 2;2015 Exhibit A
thc-baku-services-llc,THC Baku Services LLC,,2015 Part 1;2016 Part 1;2017 Part 1;2015 Exhibit A
thc-baku-services-member-corp,THC Baku Services Member Corp,,2015 Part 1;2016 Part 1;2017 Part 1;2015 Exhibit A
thc-barra-hotelaria-ltda,THC Barra Hotelaria LTDA,,2015 Part 1;2016 Part 1;2017 Part 1;2015 Exhibit A
thc-central-reservations-llc,THC Central Reservations LLC,,2015 Part 1;2016 Part 1;2017 Part 1;2015 Part 2;2016 Part 2;2017 Part 2;2015 Exhibit A
thc-central-reservations-member-corp,THC Central Reservations Member Corp,,2015 Part 1;2016 Part 1;2017 Part 1;2015 Exhibit A
thc-china-development-llc-fka-trump-china-development-llc,THC China Development LLC (fka Trump China Development LLC),THC China Development LLC;Trump China Development LLC,2015 Part 1;2016 Part 1;2017 Part 1;2015 Part 2;2016 Part 2;2017 Part 2;2015 Exhibit A
thc-china-development-management-corp-fka-trump-china-development-management-corp,THC China Development Management Corp (fka Trump China Development Management Corp),THC China Development Management Corp;Trump China Development Management Corp,2015 Part 1;2016 Part 1;2016 Exhibit A
thc-china-technical-services-llc,THC China Technical Services LLC,,2015 Part 1;2016 Part 1;2017 Part 1;2015 Exhibit A
thc-china-technical-services-manager-corp,THC China Technical Services Manager Corp,,2015 Part 1;2016 Part 1;2017 Part 1;2015 Exhibit A
thc-dc-restaurant-hospitality-llc,THC DC Restaurant Hospitality LLC,,2016 Part 1;2017 Part 1;2016 Exhibit A
thc-development-brazil-llc,THC Development Brazil LLC,,2015 Part 1;2016 Part 1;2017 Part 1;2015 Exhibit A
thc-development-brazil-managing-member-corp,THC Development Brazil Managing Member Corp,,2015 Part 1;2016 Part 1;2017 Part 1;2015 Exhibit A
thc-dubai-ii-hotel-manager-llc,THC Dubai II Hotel Manager LLC,,2015 Part 1;2016 Part 1;2017 Part 1;2015 Exhibit A
thc-dubai-ii-hotel-manager-member-corp,THC Dubai II Hotel Manager Member Corp,,2015 Part 1;2016 Part 1;2017 Part 1;2015 Exhibit A
thc-hotel-development-llc,THC Hotel Development LLC,,2015 Part 1;2016 Part 1;2017 Part 1;2015 Exhibit A
thc-imea-development-llc,THC IMEA Development LLC,,2015 Part 1;2016 Part 1;2017 Part 1;2016 Part 2;2017 Part 2;2015 Exhibit A
thc-jeddah-hotel-advisor-llc,THC Jeddah Hotel Advisor LLC,,2016 Part 1;2017 Part 1;2016 Exhibit A
thc-jeddah-hotel-advisor-member-corp,THC Jeddah Hotel Advisor Member Corp,,2016 Part 1;2017 Part 1;2016 Exhibit A
thc-jeddah-hotel-manager-llc,THC Jeddah Hotel Manager LLC,,2016 Part 1;2017 Part 1;2016 Exhibit A
thc-jeddah-hotel-manager-member-corp,THC Jeddah Hotel Manager Member Corp,,2016 Part 1;2017 Part 1;2016 Exhibit A
thc-miami-restaurant-hospitality-llc,THC MIAMI RESTAURANT HOSPITALITY LLC,,2015 Part 1;2016 Part 1;2017 Part 1;2016 Part 2;2017 Part 2;2015 Exhibit A
thc-qatar-hotel-manager-llc,THC Qatar Hotel Manager LLC,,2015 Part 1;2016 Part 1;2017 Part 1;2015 Exhibit A
thc-qatar-hotel-manager-member-corp,THC Qatar Hotel Manager Member Corp,,2015 Part 1;2016 Part 1;2017 Part 1;2015 Exhibit A
thc-rio-manager-llc,THC Rio Manager LLC,,2015 Part 1;2016 Part 1;2017 Part 1;2015 Part 2;2015 Exhibit A
thc-rio-managing-member-corp,THC Rio Managing Member Corp,,2015 Part 1;2016 Part 1;2017 Part 1;2015 Exhibit A
thc-sales-marketing-llc,THC Sales & Marketing LLC,,2015 Part 1;2016 Part 1;2017 Part 1;2015 Part 2;2017 Part 2;2015 Exhibit A
thc-sales-marketing-member-corp,THC Sales & Marketing Member Corp,,2015 Part 1;2016 Part 1;2017 Part 1;2015 Exhibit A
thc-services-shenzhen-llc,THC Services Shenzhen LLC,,2015 Part 1;2016 Part 1;2017 Part 1;2015 Exhibit A
thc-services-shenzhen-member-corp,THC Services Shenzhen Member Corp,,2015 Part 1;2016 Part 1;2017 Part 1;2015 Exhibit A
thc-shenzhen-hotel-manager-llc,THC Shenzhen Hotel Manager LLC,,2015 Part 1;2016 Part 1;2017 Part 1;2015 Exhibit A
thc-shenzhen-hotel-manager-member-corp,THC Shenzhen Hotel Manager Member Corp,,2015 Part 1;2016 Part 1;2017 Part 1;2015 Exhibit A
thc-vancouver-management-corp,THC Vancouver Management Corp,,2015 Part 1;2016 Part 1;2017 Part 1;2015 Part 2;2016 Part 2;2017 Part 2;2015 Exhibit A
thc-vancouver-payroll-ulc,THC Vancouver Payroll ULC,,2015 Part 1;2016 Part 1;2017 Part 1;2015 Exhibit A
thc-venture-i-llc,THC Venture I LLC,,2015 Part 1;2016 Part 1;2017 Part 1;2015 Exhibit A
thc-venture-i-managing-member-corp,THC Venture I Managing Member Corp,,2015 Part 1;2016 Part 1;2017 Part 1;2015 Exhibit A
thc-venture-ii-llc,THC Venture II LLC,,2015 Part 1;2016 Part 1;2017 Part 1;2015 Exhibit A
thc-venture-ii-managing-member-corp,THC Venture II Managing Member Corp,,2015 Part 1;2016 Part 1;2017 Part 1;2015 Exhibit A
thc-venture-iii-llc,THC Venture III LLC,TTTT VENTURE LLC,2015 Part 1;2016 Part 1;2017 Part 1;2015 Exhibit A
thc-venture-iii-member-corp,THC Venture III Member Corp,TTTT VENTURE MEMBER CORP,2015 Part 1;2016 Part 1;2017 Part 1;2015 Exhibit A
the-donald-j-trump-company-llc,The Donald J. Trump Company LLC,,2015 Part 1;2016 Part 1;2017 Part 1;2015 Exhibit A
the-donald-j-trump-foundation-inc,"The Donald J. Trump Foundation, Inc.",,2015 Part 1;2016 Part 1;2017 Part 1
the-donald-j-trump-grantor-trust-djt-is-the-trustee-successor-trustee-is-donald-j-trump-jr,"The Donald J. Trump grantor Trust - DJT is the Trustee Successor - Trustee is Donald J. Trump, Jr.",,2015 Part 1;2016 Part 1;2017 Part 1;2015 Exhibit A
the-donald-j-trump-revocable-trust,The Donald J. Trump Revocable Trust,,2015 Part 1;2016 Part 1;2017 Part 1;2015 Exhibit A
the-fred-c-trump-december-16-1976-trust-fbo-david-desmond,"The Fred C. Trump December 16, 1976 Trust- F/B/O David Desmond",,2015 Part 1
the-fred-c-trump-december-16-1976-trust-fbo-donald-j-trump,"The Fred C. Trump December 16, 1976 Trust- F/B/O Donald J Trump",,2015 Part 1;2016 Part 1;2017 Part 1
the-fred-c-trump-december-16-1976-trust-fbo-elizabeth-j-trump,"The Fred C. Trump December 16, 1976 Trust- F/B/O Elizabeth J Trump",,2015 Part 1;2016 Part 1;2017 Part 1
the-fred-c-trump-december-16-1976-trust-fbo-fred-c-trump-iii,"The Fred C. Trump December 16, 1976 Trust- F/B/O Fred C. Trump III",,2015 Part 1
the-fred-c-trump-december-16-1976-trust-fbo-mary-trump,"The Fred C. Trump December 16, 1976 Trust- F/B/O Mary Trump",,2015 Part 1
the-fred-c-trump-december-16-1976-trust-fbo-maryanne-t-barry,"The Fred C. Trump December 16, 1976 Trust- F/B/O Maryanne T Barry",,2015 Part 1
the-fred-c-trump-december-16-1976-trust-fbo-robert-s-trump,"The Fred C. Trump December 16, 1976 Trust- F/B/O Robert S. Trump",,2015 Part 1;2016 Part 1;2017 Part 1
the-police-athletic-league-inc,"The Police Athletic League, Inc.",,2016 Part 1;2017 Part 1
the-trump-corporation,The Trump Corporation,,2015 Part 1;2016 Part 1;2017 Part 1;2015 Part 2;2016 Part 2;2017 Part 2;2015 Exhibit A
the-trump-entrepreneur-initiative-llc-fka-trump-university-ca-llc,The Trump Entrepreneur Initiative LLC (f/k/a Trump University CA LLC),The Trump Entrepreneur Initiative LLC;Trump University CA LLC,2015 Part 1;2016 Part 1;2017 Part 1;2015 Part 2;2016 Part 2;2017 Part 2;2015 Exhibit A
the-trump-equitable-fifth-avenue-company,The Trump Equitable Fifth Avenue Company,,2015 Part 1;2016 Part 1;2017 Part 1;2015 Part 2;2016 Part 2;2017 Part 2;2015 Exhibit A
the-trump-follies-llc,The Trump Follies LLC,,2015 Part 1;2016 Part 1;2017 Part 1;2015 Exhibit A
the-trump-follies-member-inc,"The Trump Follies Member, Inc.",,2015 Part 1;2016 Part 1;2017 Part 1;2015 Exhibit A
the-trump-marks-real-estate-corp,The Trump Marks Real Estate Corp,,2015 Part 1;2016 Part 1;2017 Part 1;2015 Exhibit A
the-trump-organization-inc,"The Trump Organization, Inc",,2015 Part 1;2016 Part 1;2017 Part 1;2015 Exhibit A
thc-miami-restaurant-hospitality-member-corp,THC Miami Restaurant Hospitality Member Corp,,2015 Part 1;2016 Part 1;2017 Part 1;2015 Exhibit A
tigl-common-area-management-corp,TIGL Common Area Management Corp,,2015 Part 1;2016 Part 1;2017 Part 1;2015 Exhibit A
tigl-common-area-management-holdings-llc,TIGL Common Area Management Holdings LLC,,2015 Part 1;2016 Part 1;2017 Part 1;2015 Exhibit A
tigl-ireland-enterprises-limited-trump-international-golf-links-doonbeg,TIGL Ireland Enterprises Limited (Trump International Golf Links - Doonbeg),TIGL Ireland Enterprises Limited;Trump International Golf Links - Doonbeg,2015 Part 1;2016 Part 1;2017 Part 1;2015 Part 2;2016 Part 2;2017 Part 2;2015 Exhibit A
tigl-ireland-management-limited,TIGL Ireland Management Limited,,2015 Part 1;2016 Part 1;2017 Part 1;2015 Exhibit A
tihc-reservations-llc,TIHC Reservations LLC,,2015 Part 1;2016 Part 1;2017 Part 1;2015 Exhibit A
tihh-member-corp,TIHH Member Corp,,2015 Part 1;2016 Part 1;2017 Part 1;2015 Exhibit A
tihh-member-llc,TIHH Member LLC,,2015 Part 1;2016 Part 1;2017 Part 1;2015 Exhibit A
tihm-member-corp,TIHM Member Corp,,2015 Part 1;2016 Part 1;2017 Part 1;2015 Exhibit A
tiht-chicago-member-acquisition-llc,TIHT Chicago Member Acquisition LLC,,2015 Part 1;2016 Part 1;2017 Part 1;2015 Exhibit A
tiht-commercial-llc,TIHT Commercial LLC,,2015 Part 1;2016 Part 1;2017 Part 1;2015 Part 2;2016 Part 2;2017 Part 2;2015 Exhibit A
tiht-holding-company-llc,TIHT Holding Company LLC,,2015 Part 1;2016 Part 1;2017 Part 1;2015 Part 2;2016 Part 2;2017 Part 2;2015 Exhibit A
tiht-member-llc,TIHT Member LLC,,2015 Part 1;2016 Part 1;2017 Part 1;2015 Exhibit A
tipperary-realty-corp,Tipperary Realty Corp,Tipperary Realty Corp,2015 Part 1;2016 Part 1;2017 Part 1;2015 Exhibit A
tmg-member-llc,"TMG Member, LLC",,2015 Part 1;2016 Part 1;2017 Part 1;2015 Exhibit A
tngc-charlotte-llc,TNGC Charlotte LLC,,2015 Part 1;2016 Part 1;2017 Part 1;2015 Exhibit A
tngc-charlotte-manager-corp,TNGC Charlotte Manager Corp,,2015 Part 1;2016 Part 1;2017 Part 1;2015 Exhibit A
tngc-dutchess-county-llc-fka-trump-marks-classic-cars-llc,TNGC Dutchess County LLC (fka Trump Marks Classic Cars LLC),TNGC Dutchess County LLC;Trump Marks Classic Cars LLC,2015 Part 1;2016 Part 1;2017 Part 1
tngc-dutchess-county-member-corp-fka-trump-marks-classic-cars-member-corp,TNGC Dutchess County Member Corp (fka Trump Marks Classic Cars Member Corp),TNGC Dutchess County Member Corp;Trump Marks Classic Cars Member Corp,2015 Part 1;2016 Part 1;2017 Part 1
tngc-jupiter-management-llc,TNGC Jupiter Management LLC,,2015 Part 1;2016 Part 1;2017 Part 1;2015 Part 2;2016 Part 2;2017 Part 2;2015 Exhibit A
tngc-jupiter-managing-member-corp,TNGC Jupiter Managing Member Corp,,2015 Part 1;2016 Part 1;2017 Part 1;2015 Exhibit A
tngc-pine-hill-llc-fka-crest-court-llc,TNGC Pine Hill LLC (fka Crest Court LLC),TNGC Pine Hill LLC;Crest Court LLC,2015 Part 1;2016 Part 1;2017 Part 1
tngc-pine-hill-member-corp-fka-crest-court-member-corp,TNGC Pine Hill Member Corp (fka Crest Court Member Corp),TNGC Pine Hill Member Corp;Crest Court Member Corp,2015 Part 1;2016 Part 1;2017 Part 1;2015 Exhibit A
toronto-development-llc,Toronto Development LLC,,2015 Part 1;2016 Part 1;2017 Part 1;2015 Exhibit A
tp-cfd-llc,TP CFD LLC,,2015 Part 1;2016 Part 1;2017 Part 1;2015 Exhibit A
tp-cfd-manager-corp,TP CFD Manager Corp,,2015 Part 1;2016 Part 1;2017 Part 1;2015 Exhibit A
travel-enterprises-management-inc-formerly-toys-at-trump-inc,"Travel Enterprises Management Inc (Formerly Toys at Trump, Inc)","Travel Enterprises Management Inc;Toys at Trump, Inc",2015 Part 1;2016 Part 1;2017 Part 1;2016 Part 2;2015 Exhibit A
trump-106-cps-llc,Trump 106 CPS LLC,,2015 Part 1;2016 Part 1;2017 Part 1;2015 Part 2;2016 Part 2;2017 Part 2;2015 Exhibit A
trump-55-wall-corp,Trump 55 Wall Corp,,2015 Part 1;2016 Part 1
trump-767-management-llc,Trump 767 Management LLC,,2015 Part 1;2016 Part 1;2017 Part 1
trump-845-lp-llc,Trump 845 LP LLC,,2015 Part 1;2016 Part 1;2017 Part 1;2015 Part 2;2015 Exhibit A
trump-845-un-gp-llc,Trump 845 UN GP LLC,,2015 Part 1;2016 Part 1;2017 Part 1;2015 Part 2;2015 Exhibit A
trump-845-un-mgr-corp,Trump 845 UN MGR Corp,,2015 Part 1;2016 Part 1;2017 Part 1;2015 Part 2;2016 Part 2;2017 Part 2;2015 Exhibit A
trump-845-un-mgr-llc-fka-845-un-llc,Trump 845 UN MGR LLC (F/K/A 845 UN LLC),Trump 845 UN MGR LLC;845 UN LLC,2015 Part 1;2016 Part 1;2017 Part 1
trump-ac-casino-marks-llc,Trump AC Casino Marks LLC,,2015 Part 1;2016 Part 1;2017 Part 1;2015 Part 2;2015 Exhibit A
trump-ac-casino-marks-member-corp,Trump AC Casino Marks Member Corp,,2015 Part 1;2016 Part 1;2017 Part 1;2015 Exhibit A
trump-acquisition-corp,Trump Acquisition Corp,,2015 Part 1;2016 Part 1;2017 Part 1;2015 Exhibit A
trump-acquisition-llc,"Trump Acquisition, LLC",,2015 Part 1;2016 Part 1;2017 Part 1;2015 Exhibit A
trump-books-llc,Trump Books LLC,,2015 Part 1;2016 Part 1;2017 Part 1;2015 Part 2;2016 Part 2;2017 Part 2;2015 Exhibit A
trump-books-manager-corp,Trump Books Manager Corp,,2015 Part 1;2016 Part 1;2017 Part 1;2015 Exhibit A
trump-brazil-llc,Trump Brazil LLC,,2015 Part 1;2016 Part 1;2017 Part 1;2015 Exhibit A
trump-briarcliff-manor-development-llc-formerly-briar-hall-development-llc,Trump Briarcliff Manor Development LLC (Formerly Briar Hall Development LLC),Trump Briarcliff Manor Development LLC;Briar Hall Development LLC,2015 Part 1;2016 Part 1;2017 Part 1;2015 Exhibit A
trump-canadian-services-inc,Trump Canadian Services Inc),,2015 Part 1;2016 Part 1;2017 Part 1;2015 Exhibit A
trump-canouan-estate-llc,Trump Canouan Estate LLC,,2015 Part 1;2016 Part 1;2017 Part 1;2015 Part 2;2016 Part 2;2015 Exhibit A
trump-canouan-estate-member-corp,Trump Canouan Estate Member Corp,,2015 Part 1;2016 Part 1;2017 Part 1;2015 Exhibit A
trump-caribbean-llc,Trump Caribbean LLC,,2015 Part 1;2016 Part 1;2017 Part 1;2015 Exhibit A
trump-carousel-llc,Trump Carousel LLC,,2015 Part 1;2016 Part 1;2017 Part 1;2015 Part 2;2016 Part 2;2017 Part 2;2015 Exhibit A
trump-carousel-member-corp,Trump Carousel Member Corp,,2015 Part 1;2016 Part 1;2017 Part 1;2015 Exhibit A
trump-central-park-west-corp,Trump Central Park West Corp,,2015 Part 1;2016 Part 1;2017 Part 1;2015 Exhibit A
trump-chicago-commercial-manager-llc,Trump Chicago Commercial Manager LLC,,2015 Part 1;2016 Part 1;2017 Part 1;2015 Part 2;2016 Part 2;2017 Part 2;2015 Exhibit A
trump-chicago-commercial-member-corp,Trump Chicago Commercial Member Corp,,2015 Part 1;2016 Part 1;2017 Part 1;2015 Exhibit A
trump-chicago-development-llc,Trump Chicago Development LLC,,2015 Part 1;2016 Part 1;2017 Part 1;2015 Exhibit A
trump-chicago-hotel-manager-llc,Trump Chicago Hotel Manager LLC,,2015 Part 1;2016 Part 1;2017 Part 1;2015 Part 2;2016 Part 2;2017 Part 2;2015 Exhibit A
trump-chicago-hotel-member-corp,Trump Chicago Hotel Member Corp,,2015 Part 1;2016 Part 1;2017 Part 1;2015 Exhibit A
trump-chicago-managing-member-llc,Trump Chicago Managing Member LLC,,2015 Part 1;2016 Part 1;2017 Part 1;2015 Exhibit A
trump-chicago-member-llc,Trump Chicago Member LLC,,2015 Part 1;2016 Part 1;2017 Part 1;2015 Exhibit A
trump-chicago-residential-manager-llc,Trump Chicago Residential Manager LLC,,2015 Part 1;2016 Part 1;2017 Part 1;2015 Part 2;2016 Part 2;2017 Part 2;2015 Exhibit A
trump-chicago-residential-member-corp,Trump Chicago Residential Member Corp,,2015 Part 1;2016 Part 1;2017 Part 1;2015 Exhibit A
trump-chicago-retail-llc,Trump Chicago Retail LLC,,2015 Part 1;2016 Part 1;2017 Part 1;2015 Exhibit A
trump-chicago-retail-manager-llc,Trump Chicago Retail Manager LLC,,2015 Part 1;2016 Part 1;2017 Part 1;2015 Exhibit A
trump-chicago-retail-member-corp,Trump Chicago Retail Member Corp,,2015 Part 1;2016 Part 1;2017 Part 1;2015 Exhibit A
trump-classic-cars-llc,Trump Classic Cars LLC,,2015 Part 1;2016 Part 1;2017 Part 1;2017 Part 2;2015 Exhibit A
trump-classic-cars-member-corp,Trump Classic Cars Member Corp,,2015 Part 1;2016 Part 1;2017 Part 1;2015 Exhibit A
trump-commercial-chicago-llc,Trump Commercial Chicago LLC,,2015 Part 1;2016 Part 1;2017 Part 1;2015 Exhibit A
trump-cozumel-corp,Trump Cozumel Corp,,2015 Part 1
trump-cozumel-llc,Trump Cozumel LLC,,2015 Part 1
trump-cps-corp,Trump CPS Corp,,2015 Part 1;2016 Part 1;2017 Part 1;2015 Exhibit A
trump-cps-llc,Trump CPS LLC,,2015 Part 1;2016 Part 1;2017 Part 1;2015 Part 2;2016 Part 2;2017 Part 2;2015 Exhibit A
trumps-castle-management,Trump's Castle Management,,2015 Part 1;2016 Part 1;2017 Part 1;2015 Exhibit A
trump-delmonico-llc,Trump Delmonico LLC,,2015 Part 1;2016 Part 1;2017 Part 1;2015 Part 2;2015 Exhibit A
trump-development-services-llc,Trump Development Services LLC,,2015 Part 1;2016 Part 1;2017 Part 1;2015 Exhibit A
trump-development-services-member-corp,Trump Development Services Member Corp,,2015 Part 1;2016 Part 1;2017 Part 1;2015 Exhibit A
trump-drinks-israel-holdings-llc,Trump Drinks Israel Holdings LLC,,2015 Part 1;2016 Part 1;2017 Part 1;2015 Exhibit A
trump-drinks-israel-holdings-member-corp,Trump Drinks Israel Holdings Member Corp,,2015 Part 1;2016 Part 1;2017 Part 1;2015 Exhibit A
trump-drinks-israel-llc,Trump Drinks Israel LLC,,2015 Part 1;2016 Part 1;2017 Part 1;2015 Part 2;2015 Exhibit A
trump-drinks-israel-member-corp,Trump Drinks Israel Member Corp,,2015 Part 1;2016 Part 1;2017 Part 1;2015 Exhibit A
trump-education-ulc,Trump Education ULC,,2015 Part 1;2016 Part 1;2017 Part 1;2015 Exhibit A
trump-empire-state-inc,Trump Empire State Inc,,2015 Part 1;2016 Part 1;2017 Part 1;2015 Exhibit A
trump-endeavor-12-llc,Trump Endeavor 12 LLC,,2015 Part 1;2016 Part 1;2017 Part 1
trump-endeavor-12-manager-corp,Trump Endeavor 12 Manager Corp,,2015 Part 1;2016 Part 1;2017 Part 1;2015 Exhibit A
trump-eu-marks-llc,Trump EU Marks LLC,,2015 Part 1;2016 Part 1;2017 Part 1;2015 Exhibit A
trump-eu-marks-member-corp,Trump EU Marks Member Corp,,2015 Part 1;2016 Part 1;2017 Part 1;2015 Exhibit A
trump-ferry-point-llc,Trump Ferry Point LLC,Trump Golf Links Ferry Point;Trump Golf Links,2015 Part 1;2016 Part 1;2017 Part 1;2015 Part 2;2016 Part 2;2017 Part 2;2015 Exhibit A
trump-ferry-point-member-corp,Trump Ferry Point Member Corp,,2015 Part 1;2016 Part 1;2017 Part 1;2015 Exhibit A
trump-florida-management-llc,Trump Florida Management LLC,,2015 Part 1;2016 Part 1;2017 Part 1;2015 Exhibit A
trump-florida-manager-corp,Trump Florida Manager Corp,,2015 Part 1;2016 Part 1;2017 Part 1;2015 Exhibit A
trump-fort-lee-llc,Trump Fort Lee LLC,,2015 Part 1
trump-fort-lee-member-corp,Trump Fort Lee Member Corp,,2015 Part 1
trump-golf-acquisition-llc,Trump Golf Acquisition LLC,Trump Golf Acquisitions LLC,2015 Part 1;2016 Part 1;2017 Part 1;2015 Part 2;2016 Part 2;2017 Part 2;2015 Exhibit A
trump-golf-coco-beach-llc,Trump Golf Coco Beach LLC,,2015 Part 1;2016 Part 1;2017 Part 1;2015 Exhibit A
trump-golf-coco-beach-member-corp,Trump Golf Coco Beach Member Corp,,2015 Part 1;2016 Part 1;2017 Part 1;2015 Exhibit A
trump-golf-management-llc,Trump Golf Management LLC,,2015 Part 1;2016 Part 1;2017 Part 1;2015 Exhibit A
trump-home-marks-llc,Trump Home Marks LLC,,2015 Part 1;2016 Part 1;2017 Part 1;2015 Part 2;2016 Part 2;2017 Part 2;2015 Exhibit A
trump-home-marks-member-corp,Trump Home Marks Member Corp,,2015 Part 1;2016 Part 1;2017 Part 1;2015 Exhibit A
trump-ice-inc,"Trump Ice, Inc",,2015 Part 1;2016 Part 1;2017 Part 1;2015 Exhibit A
trump-ice-llc,Trump Ice LLC,,2015 Part 1;2016 Part 1;2017 Part 1;2015 Part 2;2016 Part 2;2017 Part 2;2015 Exhibit A
trump-identity-llc,Trump Identity LLC,,2015 Part 1;2016 Part 1
trump-identity-member-corp,Trump Identity Member Corp,,2015 Part 1;2016 Part 1
trump-international-development-llc,Trump International Development LLC,,2015 Part 1;2016 Part 1;2017 Part 1;2015 Exhibit A
trump-international-development-member-corp,Trump International Development Member Corp,,2015 Part 1;2016 Part 1;2017 Part 1;2015 Exhibit A
trump-international-golf-club-inc,"Trump International Golf Club, Inc",,2015 Part 1;2016 Part 1;2017 Part 1;2015 Exhibit A
trump-international-golf-club-lc-trump-international-golf-club-florida,Trump International Golf Club LC (Trump International Golf Club - Florida),Trump International Golf Club LC;Trump International Golf Club - Florida,2015 Part 1;2016 Part 1;2017 Part 1;2015 Part 2;2016 Part 2;2017 Part 2;2015 Exhibit A
trump-international-golf-club-scotland-limited,Trump International Golf Club Scotland Limited,Trump International Golf Links - Scotland,2015 Part 1;2016 Part 1;2017 Part 1;2015 Part 2;2016 Part 2;2017 Part 2;2015 Exhibit A
trump-international-hotel-and-tower-condominium,Trump International Hotel and Tower Condominium,,2015 Part 1;2016 Part 1;2017 Part 1
trump-international-hotel-hawaii-llc,Trump International Hotel Hawaii LLC,,2015 Part 1;2016 Part 1;2017 Part 1;2015 Part 2;2016 Part 2;2017 Part 2;2015 Exhibit A
trump-international-hotel-tower-las-vegas-unit-owners-association,TRUMP INTERNATIONAL HOTEL & TOWER LAS VEGAS UNIT OWNERS ASSOCIATION,,2015 Part 1
trump-international-hotels-management-llc,Trump International Hotels Management LLC,Trump Hotel Collection,2015 Part 1;2016 Part 1;2017 Part 1;2015 Part 2;2016 Part 2;2017 Part 2;2015 Exhibit A
trump-international-management-corp,Trump International Management Corp,,2015 Part 1;2016 Part 1;2017 Part 1
trump-kelowna-llc,Trump Kelowna LLC,,2015 Part 1;2016 Part 1
trump-kelowna-member-corp,Trump Kelowna Member Corp,,2015 Part 1;2016 Part 1
trump-korean-projects-llc,Trump Korean Projects LLC,,2015 Part 1;2016 Part 1;2017 Part 1;2015 Exhibit A
trump-las-olas-llc,Trump Las Olas LLC,,2015 Part 1;2016 Part 1;2017 Part 1;2015 Exhibit A
trump-las-olas-member-corp,Trump Las Olas Member Corp,,2015 Part 1;2016 Part 1;2017 Part 1;2015 Exhibit A
trump-las-vegas-corp,Trump Las Vegas Corp,,2015 Part 1;2016 Part 1;2017 Part 1;2015 Exhibit A
trump-las-vegas-development-llc,Trump Las Vegas Development LLC,,2015 Part 1;2016 Part 1;2017 Part 1;2015 Exhibit A
trump-las-vegas-managing-member-ii-llc,Trump Las Vegas Managing Member II LLC,,2015 Part 1;2016 Part 1;2017 Part 1;2015 Part 2;2016 Part 2;2015 Exhibit A
trump-las-vegas-marketing-and-sales-llc,Trump Las Vegas Marketing and Sales LLC,,2015 Part 1;2015 Exhibit A
trump-las-vegas-member-ii-llc,Trump Las Vegas Member II LLC,,2015 Part 1
trump-las-vegas-member-llc,Trump Las Vegas Member LLC,,2015 Part 1;2016 Part 1;2017 Part 1;2015 Part 2;2017 Part 2;2015 Exhibit A
trump-las-vegas-sales-marketing-inc,Trump Las Vegas Sales & Marketing Inc,,2015 Part 1;2016 Part 1;2017 Part 1;2017 Part 2;2015 Exhibit A
trump-las-vegas-managing-member-llc,Trump Las Vegas Managing Member LLC,,2015 Part 1;2016 Part 1;2017 Part 1;2017 Part 2;2015 Exhibit A
trump-lauderdale-development-2-llc,Trump Lauderdale Development 2 LLC,Trump Lauderdale Development No. 2 LLC,2015 Part 1;2016 Part 1;2017 Part 1;2015 Part 2;2015 Exhibit A
trump-lauderdale-development-llc,Trump Lauderdale Development LLC,,2015 Part 1;2016 Part 1;2017 Part 1;2015 Exhibit A
trump-management-inc,Trump Management Inc,,2015 Part 1;2016 Part 1;2017 Part 1;2015 Part 2;2016 Part 2;2017 Part 2;2015 Exhibit A
trump-marketing-llc,Trump Marketing LLC,,2015 Part 1;2016 Part 1;2017 Part 1;2015 Exhibit A
trump-marks-asia-corp,Trump Marks Asia Corp,,2015 Part 1;2016 Part 1;2017 Part 1;2015 Exhibit A
trump-marks-asia-llc,Trump Marks Asia LLC,,2015 Part 1;2016 Part 1;2017 Part 1;2015 Part 2;2016 Part 2;2017 Part 2;2015 Exhibit A
trump-marks-atlanta-llc,Trump Marks Atlanta LLC,,2015 Part 1;2016 Part 1;2017 Part 1;2015 Exhibit A
trump-marks-atlanta-member-corp,Trump Marks Atlanta Member Corp,,2015 Part 1;2016 Part 1;2017 Part 1;2015 Exhibit A
trump-marks-baja-corp,Trump Marks Baja Corp,,2015 Part 1;2016 Part 1;2017 Part 1;2015 Exhibit A
trump-marks-baja-llc,Trump Marks Baja LLC,,2015 Part 1;2016 Part 1;2017 Part 1;2015 Exhibit A
trump-marks-batumi-llc,Trump Marks Batumi LLC,,2015 Part 1;2016 Part 1;2017 Part 1;2015 Exhibit A
trump-marks-batumi-member-corp,Trump Marks Batumi Member Corp,,2015 Part 1;2016 Part 1;2017 Part 1
trump-marks-beverages-corp,Trump Marks Beverages Corp,,2015 Part 1;2016 Part 1;2017 Part 1;2015 Exhibit A
trump-marks-beverages-llc,Trump Marks Beverages LLC,,2015 Part 1;2016 Part 1;2017 Part 1;2015 Exhibit A
trump-marks-canouan-corp,Trump Marks Canouan Corp,,2015 Part 1;2016 Part 1;2017 Part 1;2015 Exhibit A
trump-marks-canouan-llc,Trump Marks Canouan LLC,,2015 Part 1;2016 Part 1;2017 Part 1;2015 Part 2;2015 Exhibit A
trump-marks-chicago-llc,Trump Marks Chicago LLC,,2015 Part 1;2016 Part 1;2017 Part 1;2015 Exhibit A
trump-marks-chicago-member-corp,Trump Marks Chicago Member Corp,,2015 Part 1;2016 Part 1;2017 Part 1;2015 Exhibit A
trump-marks-cozumel-corp,Trump Marks Cozumel Corp,,2015 Part 1
trump-marks-cozumel-llc,Trump Marks Cozumel LLC,,2015 Part 1
trump-marks-dubai-corp,Trump Marks Dubai Corp,,2015 Part 1;2016 Part 1;2017 Part 1;2015 Exhibit A
trump-marks-dubai-llc,Trump Marks Dubai LLC,,2015 Part 1;2016 Part 1;2017 Part 1;2015 Exhibit A
trump-marks-egypt-corp,Trump Marks Egypt Corp,,2015 Part 1;2016 Part 1;2017 Part 1;2015 Exhibit A
trump-marks-egypt-llc,Trump Marks Egypt LLC,,2015 Part 1;2016 Part 1;2017 Part 1;2015 Exhibit A
trump-marks-fine-foods-llc,Trump Marks Fine Foods LLC,,2015 Part 1;2016 Part 1;2017 Part 1;2015 Part 2;2016 Part 2;2017 Part 2;2015 Exhibit A
trump-marks-fine-foods-member-corp,Trump Marks Fine Foods Member Corp,,2015 Part 1;2016 Part 1;2017 Part 1;2015 Exhibit A
trump-marks-ft-lauderdale-llc,Trump Marks Ft. Lauderdale LLC,,2015 Part 1;2016 Part 1;2017 Part 1;2015 Exhibit A
trump-marks-ft-lauderdale-member-corp,Trump Marks Ft Lauderdale Member Corp,,2015 Part 1;2016 Part 1;2017 Part 1;2015 Exhibit A
trump-marks-golf-swing-llc,Trump Marks Golf Swing LLC,,2015 Part 1;2016 Part 1
trump-marks-golf-swing-member-corp,Trump Marks Golf Swing Member Corp,,2015 Part 1;2016 Part 1
trump-marks-gp-corp,Trump Marks GP Corp,,2015 Part 1;2016 Part 1
trump-marks-holding-lp-fka-trump-marks-lp,Trump Marks Holding LP (FKA Trump Marks LP),Trump Marks Holding LP;Trump Marks LP,2015 Part 1;2016 Part 1;2017 Part 1;2015 Exhibit A
trump-marks-hollywood-corp,Trump Marks Hollywood Corp,,2015 Part 1;2016 Part 1;2017 Part 1;2015 Exhibit A
trump-marks-hollywood-llc,Trump Marks Hollywood LLC,,2015 Part 1;2016 Part 1;2017 Part 1;2015 Exhibit A
trump-marks-istanbul-ii-corp,Trump Marks Istanbul II Corp,,2015 Part 1;2016 Part 1;2017 Part 1;2015 Exhibit A
trump-marks-istanbul-ii-llc,Trump Marks Istanbul II LLC,,2015 Part 1;2016 Part 1;2017 Part 1;2015 Part 2;2016 Part 2;2017 Part 2;2015 Exhibit A
trump-marks-jersey-city-corp,Trump Marks Jersey City Corp,,2015 Part 1;2016 Part 1;2017 Part 1;2015 Exhibit A
trump-marks-jersey-city-llc,Trump Marks Jersey City LLC,,2015 Part 1;2016 Part 1;2017 Part 1;2015 Exhibit A
trump-marks-las-vegas-corp,Trump Marks Las Vegas Corp,,2015 Part 1;2016 Part 1;2017 Part 1;2015 Exhibit A
trump-marks-las-vegas-llc,Trump Marks Las Vegas LLC,,2015 Part 1;2016 Part 1;2017 Part 1;2015 Exhibit A
trump-marks-llc,Trump Marks LLC,,2015 Part 1;2016 Part 1;2017 Part 1;2015 Part 2;2016 Part 2;2017 Part 2;2015 Exhibit A
trump-marks-magazine-corp,Trump Marks Magazine Corp,,2015 Part 1;2016 Part 1;2017 Part 1;2015 Exhibit A
trump-marks-magazine-llc,Trump Marks Magazine LLC,,2015 Part 1;2016 Part 1;2017 Part 1;2015 Exhibit A
trump-marks-mattress-llc,Trump Marks Mattress LLC,,2015 Part 1;2016 Part 1;2017 Part 1;2015 Exhibit A
trump-marks-mattress-member-corp,Trump Marks Mattress Member Corp,,2015 Part 1;2016 Part 1;2017 Part 1;2015 Exhibit A
trump-marks-menswear-llc,Trump Marks Menswear LLC,,2015 Part 1;2016 Part 1;2017 Part 1;2015 Exhibit A
trump-marks-menswear-member-corp,Trump Marks Menswear Member Corp,,2015 Part 1;2016 Part 1;2017 Part 1;2015 Exhibit A
trump-marks-mortgage-corp,Trump Marks Mortgage Corp,,2015 Part 1;2016 Part 1;2017 Part 1;2015 Exhibit A
trump-marks-mtg-llc,Trump Marks Mtg LLC,,2015 Part 1;2016 Part 1;2017 Part 1;2015 Exhibit A
trump-marks-mumbai-llc,Trump Marks Mumbai LLC,,2015 Part 1;2016 Part 1;2017 Part 1;2015 Exhibit A
trump-marks-mumbai-member-corp,Trump Marks Mumbai Member Corp,,2015 Part 1;2016 Part 1;2017 Part 1;2015 Exhibit A
trump-marks-new-orleans-corp,Trump Marks New Orleans Corp,,2015 Part 1;2016 Part 1
trump-marks-new-orleans-llc,Trump Marks New Orleans LLC,,2015 Part 1;2016 Part 1
trump-marks-new-rochelle-corp,Trump Marks New Rochelle Corp,,2015 Part 1;2016 Part 1;2017 Part 1;2015 Exhibit A
trump-marks-new-rochelle-llc,Trump Marks New Rochelle LLC,,2015 Part 1;2016 Part 1;2017 Part 1;2015 Part 2;2016 Part 2;2017 Part 2;2015 Exhibit A
trump-marks-palm-beach-corp,Trump Marks Palm Beach Corp,,2015 Part 1;2016 Part 1;2017 Part 1;2015 Exhibit A
trump-marks-palm-beach-llc,Trump Marks Palm Beach LLC,,2015 Part 1;2016 Part 1;2017 Part 1;2015 Exhibit A
trump-marks-panama-corp,Trump Marks Panama Corp,,2015 Part 1;2016 Part 1;2017 Part 1;2015 Exhibit A
trump-marks-panama-llc,Trump Marks Panama LLC,,2015 Part 1;2016 Part 1;2017 Part 1;2015 Part 2;2016 Part 2;2017 Part 2;2015 Exhibit A
trump-marks-philadelphia-corp,Trump Marks Philadelphia Corp,,2015 Part 1;2016 Part 1;2017 Part 1;2015 Exhibit A
trump-marks-philadelphia-llc,Trump Marks Philadelphia LLC,,2015 Part 1;2016 Part 1;2017 Part 1;2015 Exhibit A
trump-marks-philippines-corp,Trump Marks Philippines Corp,,2015 Part 1;2016 Part 1;2017 Part 1;2015 Exhibit A
trump-marks-philippines-llc,Trump Marks Philippines LLC,,2015 Part 1;2016 Part 1;2017 Part 1;2015 Part 2;2016 Part 2;2017 Part 2;2015 Exhibit A
trump-marks-products-llc,Trump Marks Products LLC,,2015 Part 1;2016 Part 1;2017 Part 1;2015 Exhibit A
trump-marks-products-member-corp,Trump Marks Products Member Corp,,2015 Part 1;2016 Part 1;2017 Part 1;2015 Exhibit A
trump-marks-puerto-rico-i-llc,Trump Marks Puerto Rico I LLC,,2015 Part 1;2016 Part 1;2017 Part 1;2015 Part 2;2015 Exhibit A
trump-marks-puerto-rico-i-member-corp,Trump Marks Puerto Rico I Member Corp,,2015 Part 1;2016 Part 1;2017 Part 1;2015 Exhibit A
trump-marks-puerto-rico-ii-llc,Trump Marks Puerto Rico II LLC,,2015 Part 1;2016 Part 1;2017 Part 1;2015 Exhibit A
trump-marks-puerto-rico-ii-member-corp,Trump Marks Puerto Rico II Member Corp,,2015 Part 1;2016 Part 1;2017 Part 1;2015 Exhibit A
trump-marks-punta-del-este-llc,Trump Marks Punta del Este LLC,,2015 Part 1;2016 Part 1;2017 Part 1;2015 Exhibit A
trump-marks-punta-del-este-manager-corp,Trump Marks Punta del Este Manager Corp,,2015 Part 1;2016 Part 1;2017 Part 1;2015 Exhibit A
trump-marks-real-estate-llc,Trump Marks Real Estate LLC,,2015 Part 1;2016 Part 1;2017 Part 1;2016 Part 2;2015 Exhibit A
trump-marks-soho-license-corp,Trump Marks SOHO License Corp,,2015 Part 1;2016 Part 1;2017 Part 1;2015 Exhibit A
trump-marks-soho-llc,Trump Marks SOHO LLC,,2015 Part 1;2016 Part 1;2017 Part 1;2016 Part 2;2015 Exhibit A
trump-marks-south-africa-llc,Trump Marks South Africa LLC,,2015 Part 1;2016 Part 1
trump-marks-south-africa-member-corp,Trump Marks South Africa Member Corp,,2015 Part 1;2016 Part 1
trump-marks-stamford-corp,Trump Marks Stamford Corp,,2015 Part 1;2016 Part 1;2017 Part 1;2015 Exhibit A
trump-marks-stamford-llc,Trump Marks Stamford LLC,,2015 Part 1;2016 Part 1;2017 Part 1;2015 Part 2;2016 Part 2;2017 Part 2;2015 Exhibit A
trump-marks-sunny-isles-i-llc,Trump Marks Sunny Isles I LLC,,2015 Part 1;2016 Part 1;2017 Part 1;2015 Part 2;2016 Part 2;2017 Part 2;2015 Exhibit A
trump-marks-sunny-isles-i-member-corp,Trump Marks Sunny Isles I Member Corp,,2015 Part 1;2016 Part 1;2017 Part 1;2015 Exhibit A
trump-marks-sunny-isles-ii-llc,Trump Marks Sunny Isles II LLC,,2015 Part 1;2016 Part 1;2017 Part 1;2015 Part 2;2015 Exhibit A
trump-marks-sunny-isles-ii-member-corp,Trump Marks Sunny Isles II Member Corp,,2015 Part 1;2016 Part 1;2017 Part 1;2015 Exhibit A
trump-marks-tampa-corp,Trump Marks Tampa Corp,,2015 Part 1;2016 Part 1;2017 Part 1;2015 Exhibit A
trump-marks-tampa-llc,Trump Marks Tampa LLC,,2015 Part 1;2016 Part 1;2017 Part 1;2015 Exhibit A
trump-marks-toronto-corp,Trump Marks Toronto Corp,,2015 Part 1;2016 Part 1;2017 Part 1;2015 Exhibit A
trump-marks-toronto-llc,Trump Marks Toronto LLC,,2015 Part 1;2016 Part 1;2017 Part 1;2015 Exhibit A
trump-marks-toronto-lp-formally-trump-toronto-management-lp,Trump Marks Toronto LP (Formally Trump Toronto Management LP),Trump Marks Toronto LP;Trump Toronto Management LP,2015 Part 1;2016 Part 1;2017 Part 1;2015 Exhibit A
trump-marks-waikiki-corp,Trump Marks Waikiki Corp,,2015 Part 1;2016 Part 1;2017 Part 1;2015 Exhibit A
trump-marks-waikiki-llc,Trump Marks Waikiki LLC,,2015 Part 1;2016 Part 1;2017 Part 1;2015 Part 2;2016 Part 2;2017 Part 2;2015 Exhibit A
trump-marks-westchester-corp,Trump Marks Westchester Corp,,2015 Part 1;2016 Part 1;2017 Part 1;2015 Exhibit A
trump-marks-westchester-llc,Trump Marks Westchester LLC,,2015 Part 1;2016 Part 1;2017 Part 1;2015 Part 2;2015 Exhibit A
trump-marks-white-plains-corp,Trump Marks White Plains Corp,,2015 Part 1;2016 Part 1;2017 Part 1;2015 Exhibit A
trump-marks-white-plains-llc,Trump Marks White Plains LLC,,2015 Part 1;2016 Part 1;2017 Part 1;2015 Part 2;2016 Part 2;2015 Exhibit A
trump-miami-resort-management-llc,Trump Miami Resort Management LLC,,2015 Part 1;2016 Part 1;2017 Part 1;2015 Part 2;2016 Part 2;2017 Part 2;2015 Exhibit A
trump-miami-resort-management-member-corp,Trump Miami Resort Management Member Corp,,2015 Part 1;2016 Part 1;2017 Part 1;2015 Exhibit A
trump-national-golf-club-colts-neck-llc,Trump National Golf Club Colts Neck LLC,Trump National Golf Club Colts Neck,2015 Part 1;2016 Part 1;2017 Part 1;2015 Part 2;2016 Part 2;2017 Part 2;2015 Exhibit A
trump-national-golf-club-colts-neck-member-corp,Trump National Golf Club Colts Neck Member Corp,,2015 Part 1;2016 Part 1;2017 Part 1;2015 Exhibit A
trump-national-golf-club-llc-trump-national-golf-club-westchester,Trump National Golf Club LLC (Trump National Golf Club - Westchester),Trump National Golf Club - Westchester,2015 Part 1;2016 Part 1;2017 Part 1;2015 Part 2;2016 Part 2;2017 Part 2;2015 Exhibit A
trump-national-golf-club-member-corp,Trump National Golf Club Member Corp,,2015 Part 1;2016 Part 1;2017 Part 1;2015 Exhibit A
trump-national-golf-club-washington-dc-llc,Trump National Golf Club Washington DC LLC,Trump National Golf Club Colts Washington DC,2015 Part 1;2016 Part 1;2017 Part 1;2015 Part 2;2016 Part 2;2017 Part 2
trump-national-golf-club-washington-dc-member-corp,Trump National Golf Club Washington DC Member Corp,,2015 Part 1;2016 Part 1;2017 Part 1
trumpnew-world-property-management-llc,Trump/New World Property Management LLC,Trump New World Property Management LLC,2015 Part 1;2016 Part 1;2017 Part 1;2015 Exhibit A
trump-ocean-manager-inc,Trump Ocean Manager Inc,,2015 Part 1;2016 Part 1;2017 Part 1;2015 Exhibit A
trump-ocean-managing-member-llc,Trump Ocean Managing Member LLC,,2015 Part 1;2016 Part 1;2017 Part 1;2015 Exhibit A
trump-old-post-office-llc,Trump Old Post Office LLC,,2015 Part 1;2016 Part 1;2017 Part 1;2015 Part 2;2016 Part 2;2017 Part 2;2015 Exhibit A
trump-old-post-office-member-corp,Trump Old Post Office Member Corp,,2015 Part 1;2016 Part 1;2017 Part 1;2015 Exhibit A
trump-on-the-ocean-llc,Trump On the Ocean LLC,,2015 Part 1;2016 Part 1;2017 Part 1;2015 Exhibit A
trump-organization-llc,Trump Organization LLC,,2015 Part 1;2016 Part 1;2017 Part 1;2015 Exhibit A
trump-pageants-inc,"Trump Pageants, Inc",,2015 Part 1;2016 Part 1;2017 Part 1;2015 Part 2;2016 Part 2;2017 Part 2;2015 Exhibit A
trump-palace-condominium,Trump Palace Condominium,,2015 Part 1;2016 Part 1;2017 Part 1
trump-palaceparc-llc,Trump Palace/Parc LLC,,2015 Part 1;2016 Part 1;2017 Part 1;2015 Part 2;2016 Part 2;2017 Part 2;2015 Exhibit A
trump-panama-condominium-management-llc,Trump Panama Condominium Management LLC,,2015 Part 1;2016 Part 1;2017 Part 1;2015 Exhibit A
trump-panama-condominium-member-corp,Trump Panama Condominium Member Corp,,2015 Part 1;2016 Part 1;2017 Part 1;2015 Exhibit A
trump-panama-hotel-management-llc,Trump Panama Hotel Management LLC,,2015 Part 1;2016 Part 1;2017 Part 1;2015 Exhibit A
trump-panama-hotel-management-member-corp,Trump Panama Hotel Management Member Corp,,2015 Part 1;2016 Part 1;2017 Part 1;2015 Exhibit A
trump-parc-east-condominium,Trump Parc East Condominium,,2015 Part 1;2016 Part 1;2017 Part 1
trump-park-avenue-acquisition-llc,Trump Park Avenue Acquisition LLC,,2015 Part 1;2016 Part 1;2017 Part 1;2015 Exhibit A
trump-park-avenue-llc,Trump Park Avenue LLC,,2015 Part 1;2016 Part 1;2017 Part 1;2015 Part 2;2016 Part 2;2017 Part 2;2015 Exhibit A
trump-payroll-chicago-llc,Trump Payroll Chicago LLC,,2015 Part 1;2016 Part 1;2017 Part 1;2015 Exhibit A
trump-payroll-corp,Trump Payroll Corp,,2015 Part 1;2016 Part 1;2017 Part 1;2015 Exhibit A
trump-phoenix-development-llc,Trump Phoenix Development LLC,,2015 Part 1;2016 Part 1;2017 Part 1;2015 Exhibit A
trump-plaza-llc,Trump Plaza LLC,,2015 Part 1;2016 Part 1;2017 Part 1;2015 Part 2;2016 Part 2;2017 Part 2;2015 Exhibit A
trump-plaza-member-inc-fka-trump-plaza-corp,Trump Plaza Member Inc. (F/K/A Trump Plaza Corp),Trump Plaza Member Inc.;Trump Plaza Corp,2015 Part 1;2016 Part 1;2017 Part 1;2015 Exhibit A
trump-procida-fort-lee-llc,Trump Procida Fort Lee LLC,,2015 Part 1
trump-productions-llc-former-rancho-lien-llc,Trump Productions LLC (Former Rancho Lien LLC),Trump Productions LLC;Rancho Lien LLC,2015 Part 1;2016 Part 1;2017 Part 1;2015 Part 2;2016 Part 2;2017 Part 2;2015 Exhibit A
trump-productions-managing-member-inc,Trump Productions Managing Member Inc,,2015 Part 1;2016 Part 1;2017 Part 1;2015 Exhibit A
trump-project-management-corp,Trump Project Management Corp,,2015 Part 1;2016 Part 1;2017 Part 1;2015 Exhibit A
trump-properties-llc,Trump Properties LLC,,2015 Part 1;2016 Part 1
trump-realty-services-llc-fka-trump-mortgage-services-llc-03-tower-mortgage-services-llc,Trump Realty Services LLC (f/k/a Trump Mortgage Services LLC (03) & Tower Mortgage Services LLC),Trump Realty Services LLC;Trump Mortgage Services LLC (03) & Tower Mortgage Services LLC,2015 Part 1;2016 Part 1;2017 Part 1;2015 Part 2;2015 Exhibit A
trump-restaurants-llc,Trump Restaurants LLC,,2015 Part 1;2016 Part 1;2017 Part 1;2015 Part 2;2016 Part 2;2017 Part 2;2015 Exhibit A
trump-rhf-corp,Trump RHF Corp,,2015 Part 1
trump-riverside-management-llc,Trump Riverside Management LLC,,2015 Part 1;2016 Part 1;2017 Part 1;2015 Exhibit A
trump-ruffin-commercial-llc,Trump Ruffin Commercial LLC,,2015 Part 1;2016 Part 1;2017 Part 1;2015 Exhibit A
trump-ruffin-llc,Trump Ruffin LLC,,2015 Part 1;2016 Part 1;2017 Part 1;2015 Exhibit A
trump-ruffin-tower-i-llc,Trump Ruffin Tower I LLC,,2015 Part 1;2016 Part 1;2017 Part 1;2015 Part 2;2016 Part 2;2017 Part 2;2015 Exhibit A
trump-sales-leasing-chicago-llc,Trump Sales & Leasing Chicago LLC,,2015 Part 1;2016 Part 1;2017 Part 1;2015 Part 2;2015 Exhibit A
trump-sales-leasing-chicago-member-corp,Trump Sales & Leasing Chicago Member Corp,,2015 Part 1;2016 Part 1;2017 Part 1;2015 Exhibit A
trump-scotland-member-inc,Trump Scotland Member Inc,,2015 Part 1;2016 Part 1;2017 Part 1;2015 Exhibit A
trump-scotsborough-square-llc,Trump Scotsborough Square LLC,,2015 Part 1;2016 Part 1;2017 Part 1;2015 Part 2;2016 Part 2;2017 Part 2;2015 Exhibit A
trump-scotsborough-square-member-corp,Trump Scotsborough Square Member Corp,,2015 Part 1;2016 Part 1;2017 Part 1;2015 Exhibit A
trump-soho-hotel-condominium-new-york,Trump SoHo Hotel Condominium New York,,2015 Part 1;2016 Part 1;2017 Part 1;2015 Exhibit A
trump-soho-member-llc,Trump Soho Member LLC,,2015 Part 1;2016 Part 1;2017 Part 1;2015 Exhibit A
trump-toronto-development-inc,Trump Toronto Development Inc,,2015 Part 1;2016 Part 1;2017 Part 1;2015 Part 2;2015 Exhibit A
trump-toronto-hotel-management-corp,Trump Toronto Hotel Management Corp,,2015 Part 1;2016 Part 1;2017 Part 1;2015 Part 2;2016 Part 2;2017 Part 2;2015 Exhibit A
trump-toronto-member-corp-formally-trump-toronto-management-member-corp,Trump Toronto Member Corp (formally Trump Toronto Management Member Corp),Trump Toronto Member Corp;Trump Toronto Management Member Corp,2015 Part 1;2016 Part 1;2017 Part 1;2015 Exhibit A
trump-tower-commercial-llc,Trump Tower Commercial LLC,,2015 Part 1;2016 Part 1;2017 Part 1;2015 Part 2;2016 Part 2;2017 Part 2;2015 Exhibit A
trump-tower-condominium-residential-section,Trump Tower Condominium Residential Section,,2015 Part 1;2016 Part 1;2017 Part 1
trump-tower-managing-member-inc,Trump Tower Managing Member Inc,,2015 Part 1;2016 Part 1;2017 Part 1;2015 Part 2;2016 Part 2;2017 Part 2;2015 Exhibit A
trump-village-construction-corp,Trump Village Construction Corp,,2015 Part 1;2016 Part 1;2017 Part 1;2015 Exhibit A
trump-vineyard-estates-llc,Trump Vineyard Estates LLC,,2015 Part 1;2016 Part 1;2017 Part 1;2015 Part 2;2016 Part 2;2017 Part 2;2015 Exhibit A
trump-vineyard-estates-lot-3-owner-llc-fka-eric-trump-land-holdings-llc,Trump Vineyard Estates Lot 3 Owner LLC (fka Eric Trump Land Holdings LLC),Trump Vineyard Estates Lot 3 Owner LLC;Eric Trump Land Holdings LLC,2015 Part 1;2016 Part 1;2017 Part 1;2015 Part 2;2016 Part 2;2017 Part 2;2015 Exhibit A
trump-vineyard-estates-manager-corp,Trump Vineyard Estates Manager Corp,,2015 Part 1;2016 Part 1;2017 Part 1;2015 Exhibit A
trump-virginia-acquisitions-llc-fka-virginia-acquisitions-llc,Trump Virginia Acquisitions LLC (fka Virginia Acquisitions LLC),Trump Virginia Acquisitions LLC;Virginia Acquisitions LLC,2015 Part 1;2016 Part 1;2017 Part 1;2015 Part 2;2016 Part 2;2017 Part 2;2015 Exhibit A
trump-virginia-acquisitions-manager-corp,Trump Virginia Acquisitions Manager Corp,,2015 Part 1;2016 Part 1;2017 Part 1;2015 Exhibit A
trump-virginia-lot-5-llc,Trump Virginia Lot 5 LLC,,2015 Part 1;2016 Part 1;2017 Part 1;2015 Part 2;2016 Part 2;2017 Part 2;2015 Exhibit A
trump-virginia-lot-5-manager-corp,Trump Virginia Lot 5 Manager Corp,,2015 Part 1;2016 Part 1;2017 Part 1;2015 Exhibit A
trump-wine-marks-llc,Trump Wine Marks LLC,,2015 Part 1;2016 Part 1;2017 Part 1;2015 Exhibit A
trump-wine-marks-member-corp,Trump Wine Marks Member Corp,,2015 Part 1;2016 Part 1;2017 Part 1;2015 Exhibit A
trump-world-productions-llc,Trump World Productions LLC,,2015 Part 1;2016 Part 1;2017 Part 1;2015 Exhibit A
trump-world-productions-manager-corp,Trump World Productions Manager Corp,,2015 Part 1;2016 Part 1;2017 Part 1;2015 Exhibit A
trump-world-publications-llc,Trump World Publications LLC,,2015 Part 1;2016 Part 1;2017 Part 1;2015 Exhibit A
trust-uwo-fred-c-trump-fbo-elizabeth-trump-grau,Trust U/W/O Fred C. Trump- F/B/O Elizabeth Trump Grau,,2015 Part 1;2016 Part 1;2017 Part 1
trust-uwo-fred-c-trump-fbo-the-grandchildren-of-fred-c-trump,Trust U/W/O Fred C. Trump- F/B/O the grandchildren of Fred C. Trump,,2015 Part 1;2016 Part 1;2017 Part 1
trust-uwo-maryanne-trump-fbo-the-grandchildren-of-maryanne-trump,Trust U/W/O Maryanne Trump- F/B/O the grandchildren of Maryanne Trump,,2015 Part 1;2016 Part 1;2017 Part 1
trump-empire-state-inc,"Trump Empire State, Inc",,2015 Part 1;2016 Part 1;2017 Part 1;2015 Exhibit A
turnberry-scotland-llc,Turnberry Scotland LLC,,2015 Part 1;2016 Part 1;2017 Part 1;2015 Exhibit A
turnberry-scotland-managing-member-corp,Turnberry Scotland Managing Member Corp,,2015 Part 1;2016 Part 1;2017 Part 1;2015 Exhibit A
tw-venture-i-llc,TW Venture I LLC,,2015 Part 1;2016 Part 1;2017 Part 1;2015 Part 2;2016 Part 2;2017 Part 2;2015 Exhibit A
tw-venture-i-managing-member-corp,TW Venture I Managing Member Corp,,2015 Part 1;2016 Part 1;2017 Part 1;2015 Exhibit A
tw-venture-ii-llc,TW Venture II LLC,,2015 Part 1;2016 Part 1;2017 Part 1;2015 Part 2;2016 Part 2;2015 Exhibit A
tw-venture-ii-managing-member-corp,TW Venture II Managing Member Corp,,2015 Part 1;2016 Part 1;2017 Part 1;2015 Exhibit A
ultimate-air-corp,Ultimate Air Corp,,2015 Part 1;2016 Part 1;2017 Part 1;2015 Exhibit A
unit-2502-enterprises-corp,Unit 2502 Enterprises Corp,,2015 Part 1;2016 Part 1;2017 Part 1;2015 Part 2;2015 Exhibit A
unit-2502-enterprises-llc,Unit 2502 Enterprises LLC,,2015 Part 1;2016 Part 1;2017 Part 1;2016 Part 2;2015 Exhibit A
vh-property-corp,VH Property Corp,,2015 Part 1;2016 Part 1;2017 Part 1
vhps-llc,VHPS LLC,,2015 Part 1;2016 Part 1;2017 Part 1;2015 Exhibit A
west-palm-operations-llc,West Palm Operations LLC,,2015 Part 1;2016 Part 1;2017 Part 1;2015 Part 2;2016 Part 2;2015 Exhibit A
wexford-hall-inc,Wexford Hall Inc,,2015 Part 1;2016 Part 1;2017 Part 1;2015 Exhibit A
white-course-llc,White Course LLC,,2015 Part 1;2016 Part 1;2017 Part 1;2015 Part 2;2016 Part 2;2015 Exhibit A
white-course-managing-member-corp,White Course Managing Member Corp,,2015 Part 1;2016 Part 1;2017 Part 1;2015 Exhibit A
wilshire-hall-llc,Wilshire Hall LLC,,2015 Part 1;2016 Part 1;2017 Part 1;2015 Exhibit A
wmtmf-llc,WMTMF LLC,,2015 Part 1;2016 Part 1;2017 Part 1;2015 Exhibit A
wollman-rink-operations-llc,Wollman Rink Operations LLC,,2015 Part 1;2016 Part 1;2017 Part 1;2015 Part 2;2016 Part 2;2017 Part 2;2015 Exhibit A
yorktown-real-estate-llc-fka-yorktown-development-associates-llc,Yorktown Real Estate LLC (F/K/A Yorktown Development Associates LLC),Yorktown Real Estate LLC;Yorktown Development Associates LLC,2015 Part 1;2016 Part 1;2017 Part 1;2015 Exhibit A
trump-international-development-llc,Trump International Development LLC,,2015 Part 1;2016 Part 1;2017 Part 1;2015 Exhibit A
