org_slug,incorp_jurisdiction,org_id,digital_doc,original_doc,original_doc_2,original_doc_2,officers,other_or_past_members,address_city,address_state,address_zip,notes
hwa-555-owners-llc,CA,200602010165,https://www.documentcloud.org/documents/3894388-HWA-555-Owners-LLC.html,,,,hudson-waterfront-associates-i-l-p,,Paramus,NJ,7652.0,
djt-holdings-inc,DE,2254219,https://www.documentcloud.org/documents/3868910-Djt-Holdings-Inc.html,,,,,,,,,
ultimate-air-corp,DE,2362448,https://www.documentcloud.org/documents/3869198-Ultimate-Air-Corp.html,,,,,,,,,
trump-empire-state-inc,DE,2375110,https://www.documentcloud.org/documents/3869396-Trump-Empire-State-Inc.html,,,,,,,,,
wexford-hall-inc,DE,2387236,https://www.documentcloud.org/documents/3869204-Wexford-Hall-Inc.html,,,,,,,,,
hudson-waterfront-associates-l-p,DE,2408738,https://www.documentcloud.org/documents/3869524-Hudson-Waterfront-Associates-L-P.html,,,,,,,,,
hudson-waterfront-associates-iv-l-p,DE,2453336,https://www.documentcloud.org/documents/3869525-Hudson-Waterfront-Associates-Iv-L-P.html,,,,,,,,,
hudson-waterfront-associates-iii-l-p,DE,2453345,https://www.documentcloud.org/documents/3869526-Hudson-Waterfront-Associates-Iii-L-P.html,,,,,,,,,
hudson-waterfront-associates-ii-l-p,DE,2453349,https://www.documentcloud.org/documents/3869527-Hudson-Waterfront-Associates-Ii-L-P.html,,,,,,,,,
hudson-waterfront-associates-i-l-p,DE,2453350,https://www.documentcloud.org/documents/3869528-Hudson-Waterfront-Associates-I-L-P.html,,,,,,,,,
hudson-waterfront-associates-v-l-p,DE,2453787,https://www.documentcloud.org/documents/3869523-Hudson-Waterfront-Associates-v-L-P.html,,,,,,,,,
mar-a-lago-club-inc,DE,2492565,https://www.documentcloud.org/documents/3869516-Mar-a-Lago-Club-Inc.html,,,,,,,,,
mar-a-lago-club-llc,DE,2493787,https://www.documentcloud.org/documents/3869515-Mar-a-Lago-Club-Llc.html,,,,,,,,,
trump-international-management-corp,DE,2640283,https://www.documentcloud.org/documents/3869375-Trump-International-Management-Corp.html,,,,,,,,,
miss-universe-lp-lllp-formerly-trump-pageants-lp,DE,2673903,https://www.documentcloud.org/documents/3869514-Miss-Universe-Lp-Lllp-Formerly-Trump-Pageants-Lp.html,,,,,,,,,
767-manager-llc,DE,2902010,https://www.documentcloud.org/documents/3868921-767-Manager-Llc.html,,,,,,,,,
vh-property-corp,DE,3291746,https://www.documentcloud.org/documents/3869201-VH-Property-Corp.html,,,,,,,,,
trump-chicago-managing-member-llc,DE,3473569,https://www.documentcloud.org/documents/3869411-Trump-Chicago-Managing-Member-Llc.html,,,,,,,,,
trump-chicago-development-llc,DE,3473572,https://www.documentcloud.org/documents/3869414-Trump-Chicago-Development-Llc.html,,,,,,,,,
trump-chicago-member-llc,DE,3473577,https://www.documentcloud.org/documents/3892684-Trump-Chicago-Member-LLC.html,,,,,,,,,
401-north-wabash-venture-llc,DE,3477659,https://www.documentcloud.org/documents/3868922-401-North-Wabash-Venture-Llc.html,,,,,,,,,
trump-park-avenue-llc,DE,3481810,https://www.documentcloud.org/documents/3869165-Trump-Park-Avenue-LLC.html,,,,,,,,,
rpv-development-llc,DE,3555506,https://www.documentcloud.org/documents/3869499-Rpv-Development-Llc.html,,,,,,,,,
lfb-acquisition-llc,DE,3563589,https://www.documentcloud.org/documents/3869518-Lfb-Acquisition-Llc.html,,,,,,,,,
trump-las-vegas-development-llc,DE,3575180,https://www.documentcloud.org/documents/3869368-Trump-Las-Vegas-Development-Llc.html,,,,,,,,,
trump-las-vegas-member-llc,DE,3575184,https://www.documentcloud.org/documents/3869363-Trump-Las-Vegas-Member-Llc.html,,,,,,,,,
trump-las-vegas-marketing-and-sales-llc,DE,3575214,https://www.documentcloud.org/documents/3869365-Trump-Las-Vegas-Marketing-and-Sales-Llc.html,,,,,,,,,
trump-las-vegas-managing-member-llc,DE,3575214,https://www.documentcloud.org/documents/3869362-Trump-Las-Vegasmanaging-Member-Llc.html,,,,,,,,,
trump-ruffin-llc,DE,3576669,https://www.documentcloud.org/documents/3869173-Trump-Ruffin-LLC.html,,,,,,,,,
trump-productions-llc-former-rancho-lien-llc,DE,3594736,https://www.documentcloud.org/documents/3868873-Trump-Productions-Llc-Former-Rancho-Lien-Llc.html,,,,,,,,,
trump-phoenix-development-llc,DE,3697611,https://www.documentcloud.org/documents/3869167-Trump-Phoenix-Development-LLC.html,,,,,,,,,
trump-brazil-llc,DE,3699311,https://www.documentcloud.org/documents/3869421-Trump-Brazil-Llc.html,,,,,,,,,
tiht-chicago-member-acquisition-llc,DE,3811745,https://www.documentcloud.org/documents/3869450-Tiht-Chicago-Member-Acquisition-Llc.html,,,,,,,,,
401-mezz-venture-llc,DE,3861328,https://www.documentcloud.org/documents/3868923-401-Mezz-Venture-Llc.html,,,,,,,,,
vhps-llc,DE,3889551,https://www.documentcloud.org/documents/3869202-VHPS-LLC.html,,,,,,,,,
trump-properties-llc,DE,3904345,https://www.documentcloud.org/documents/3869170-Trump-Properties-LLC.html,,,,,,,,,
trump-marks-llc,DE,3931961,https://www.documentcloud.org/documents/3869104-Trump-Marks-LLC.html,,,,,,,,,
trump-ruffin-tower-i-llc,DE,3952553,https://www.documentcloud.org/documents/3869174-Trump-Ruffin-Tower-I-LLC.html,,,,,,,,,
trump-marks-gp-corp,DE,3976619,https://www.documentcloud.org/documents/3869094-Trump-Marks-Gp-Corp.html,,,,,,,,,
trump-marks-holding-lp-fka-trump-marks-lp,DE,3978720,https://www.documentcloud.org/documents/3869095-Trump-Marks-Holding-LP-FKA-Trump-Marks-LP.html,,,,,,,,,
trump-florida-management-llc,DE,3983847,https://www.documentcloud.org/documents/3869389-Trump-Florida-Management-Llc.html,,,,,,,,,
trump-las-olas-member-corp,DE,3983850,https://www.documentcloud.org/documents/3869370-Trump-Las-Olas-Member-Corp.html,,,,,,,,,
trump-las-olas-llc,DE,3983851,https://www.documentcloud.org/documents/3869371-Trump-Las-Olas-Llc.html,,,,,,,,,
trump-florida-manager-corp,DE,3983852,https://www.documentcloud.org/documents/3869388-Trump-Florida-Manager-Corp.html,,,,,,,,,
trump-las-vegas-member-ii-llc,DE,4048754,https://www.documentcloud.org/documents/3869364-Trump-Las-Vegas-Member-Ii-Llc.html,,,,,,,,,
trump-las-vegas-managing-member-ii-llc,DE,4048755,https://www.documentcloud.org/documents/3869366-Trump-Las-Vegas-Managing-Member-Ii-Llc.html,,,,,,,,,
chicago-unit-acquisition-llc,DE,4078209,https://www.documentcloud.org/documents/3868914-Chicago-Unit-Acquisition-Llc.html,,,,,,,,,
trump-scotland-member-inc,DE,4117913,https://www.documentcloud.org/documents/3869177-Trump-Scotland-Member-Inc.html,,,,,,,,,
scotland-acquisitions-llc,DE,4129366,https://www.documentcloud.org/documents/3869498-Scotland-Acquisitions-Llc.html,,,,,,,,,
trump-productions-managing-member-inc,DE,4161219,https://www.documentcloud.org/documents/3869169-Trump-Productions-Managing-Member-Inc.html,,,,,,,,,
tihm-member-corp,DE,4173927,https://www.documentcloud.org/documents/3869451-Tihm-Member-Corp.html,,,,,,,,,
trump-international-hotels-management-llc,DE,4173930,https://www.documentcloud.org/documents/3869376-Trump-International-Hotels-Management-Llc.html,,,,,,,,,
trump-marks-real-estate-llc,DE,4263382,https://www.documentcloud.org/documents/3869134-Trump-Marks-Real-Estate-LLC.html,,,,,,,,,
809-north-canon-llc,DE,4266968,https://www.documentcloud.org/documents/3868920-809-North-Canon-Llc.html,,,,,,,,,
809-north-canon-member-corporation,DE,4267084,https://www.documentcloud.org/documents/3868919-809-North-Canon-Member-Corporation.html,,,,,,,,,
the-trump-marks-real-estate-corp,DE,4302157,https://www.documentcloud.org/documents/3869433-TRUMP-MARKS-REAL-ESTATE-CORP.html,,,,,,,,,
trump-cozumel-llc,DE,4318703,https://www.documentcloud.org/documents/3869403-Trump-Cozumel-Llc.html,,,,,,,,,
trump-cozumel-corp,DE,4319014,https://www.documentcloud.org/documents/3869404-Trump-Cozumel-Corp.html,,,,,,,,,
trump-marks-waikiki-llc,DE,4331299,https://www.documentcloud.org/documents/3869149-Trump-Marks-Waikiki-LLC.html,,,,,,,,,
trump-marks-hollywood-llc,DE,4331301,https://www.documentcloud.org/documents/3869097-Trump-Marks-Hollywood-LLC.html,,,,,,,,,
sofo-realty-corp,DE,2209258,https://www.documentcloud.org/documents/3903862-Sofo-Realty-Corp.html,,,,,,,,,
trump-marks-hollywood-corp,DE,4331792,https://www.documentcloud.org/documents/3869096-Trump-Marks-Hollywood-Corp.html,,,,,,,,,
trump-marks-waikiki-corp,DE,4331866,https://www.documentcloud.org/documents/3869148-Trump-Marks-Waikiki-Corp.html,,,,,,,,,
trump-marks-philadelphia-llc,DE,4336402,https://www.documentcloud.org/documents/3869123-Trump-Marks-Philadelphia-LLC.html,,,,,,,,,
trump-marks-philadelphia-corp,DE,4336841,https://www.documentcloud.org/documents/3869122-Trump-Marks-Philadelphia-Corp.html,,,,,,,,,
trump-marks-panama-llc,DE,4341326,https://www.documentcloud.org/documents/3869121-Trump-Marks-Panama-LLC.html,,,,,,,,,
trump-marks-panama-corp,DE,4341794,https://www.documentcloud.org/documents/3869120-Trump-Marks-Panama-Corp.html,,,,,,,,,
trump-marks-cozumel-llc,DE,4350242,https://www.documentcloud.org/documents/3869083-Trump-Marks-Cozumel-LLC.html,,,,,,,,,
trump-marks-cozumel-corp,DE,4350447,https://www.documentcloud.org/documents/3869082-Trump-Marks-Cozumel-Corp.html,,,,,,,,,
trump-marks-canouan-llc,DE,4353953,https://www.documentcloud.org/documents/3869349-Trump-Marks-Canouan-Llc.html,,,,,,,,,
trump-marks-canouan-corp,DE,4353979,https://www.documentcloud.org/documents/3869350-Trump-Marks-Canouan-Corp.html,,,,,,,,,
trump-marks-palm-beach-llc,DE,4369226,https://www.documentcloud.org/documents/3869119-Trump-Marks-Palm-Beach-LLC.html,,,,,,,,,
trump-marks-palm-beach-corp,DE,4369744,https://www.documentcloud.org/documents/3869118-Trump-Marks-Palm-Beach-Corp.html,,,,,,,,,
trump-marks-white-plains-llc,DE,4370349,https://www.documentcloud.org/documents/3869153-Trump-Marks-White-Plains-LLC.html,,,,,,,,,
trump-marks-new-rochelle-llc,DE,4370352,https://www.documentcloud.org/documents/3869117-Trump-Marks-New-Rochelle-LLC.html,,,,,,,,,
trump-marks-new-orleans-llc,DE,4370355,https://www.documentcloud.org/documents/3869115-Trump-Marks-New-Orleans-LLC.html,,,,,,,,,
trump-marks-dubai-llc,DE,4370357,https://www.documentcloud.org/documents/3869085-Trump-Marks-Dubai-LLC.html,,,,,,,,,
trump-marks-westchester-llc,DE,4370368,https://www.documentcloud.org/documents/3869151-Trump-Marks-Westchester-LLC.html,,,,,,,,,
trump-marks-baja-llc,DE,4370377,https://www.documentcloud.org/documents/3869355-Trump-Marks-Baja-Llc.html,,,,,,,,,
trump-marks-stamford-llc,DE,4370388,https://www.documentcloud.org/documents/3869138-Trump-Marks-Stamford-LLC.html,,,,,,,,,
trump-marks-white-plains-corp,DE,4370748,https://www.documentcloud.org/documents/3869152-Trump-Marks-White-Plains-Corp.html,,,,,,,,,
trump-marks-new-rochelle-corp,DE,4370753,https://www.documentcloud.org/documents/3869116-Trump-Marks-New-Rochelle-Corp.html,,,,,,,,,
trump-marks-dubai-corp,DE,4370759,https://www.documentcloud.org/documents/3869084-Trump-Marks-Dubai-Corp.html,,,,,,,,,
trump-marks-new-orleans-corp,DE,4370764,https://www.documentcloud.org/documents/3869114-Trump-Marks-New-Orleans-Corp.html,,,,,,,,,
trump-marks-stamford-corp,DE,4370774,https://www.documentcloud.org/documents/3869137-Trump-Marks-Stamford-Corp.html,,,,,,,,,
trump-marks-baja-corp,DE,4370780,https://www.documentcloud.org/documents/3869356-Trump-Marks-Baja-Corp.html,,,,,,,,,
trump-marks-westchester-corp,DE,4370789,https://www.documentcloud.org/documents/3869150-Trump-Marks-Westchester-Corp.html,,,,,,,,,
trump-marks-mtg-llc,DE,4374126,https://www.documentcloud.org/documents/3869111-Trump-Marks-Mtg-LLC.html,,,,,,,,,
trump-marks-mortgage-corp,DE,4374411,https://www.documentcloud.org/documents/3869110-Trump-Marks-Mortgage-Corp.html,,,,,,,,,
trump-marks-jersey-city-llc,DE,4376904,https://www.documentcloud.org/documents/3869101-Trump-Marks-Jersey-City-LLC.html,,,,,,,,,
trump-marks-jersey-city-corp,DE,4380032,https://www.documentcloud.org/documents/3869100-Trump-Marks-Jersey-City-Corp.html,,,,,,,,,
tb-member-llc,DE,4386640,https://www.documentcloud.org/documents/3869494-Tb-Member-Llc.html,,,,,,,,,
trump-rhf-corp,DE,4388742,https://www.documentcloud.org/documents/3869171-Trump-RHF-Corp.html,,,,,,,,,
trump-ruffin-commercial-llc,DE,4395492,https://www.documentcloud.org/documents/3869172-Trump-Ruffin-Commercial-LLC.html,,,,,,,,,
trump-marks-toronto-llc,DE,4405078,https://www.documentcloud.org/documents/3869146-Trump-Marks-Toronto-LLC.html,,,,,,,,,
trump-marks-toronto-corp,DE,4405312,https://www.documentcloud.org/documents/3869145-Trump-Marks-Toronto-Corp.html,,,,,,,,,
trump-payroll-chicago-llc,DE,4414656,https://www.documentcloud.org/documents/3869166-Trump-Payroll-Chicago-LLC.html,,,,,,,,,
trump-commercial-chicago-llc,DE,4414663,https://www.documentcloud.org/documents/3892710-Trump-Commercial-Chicago-LLC.html,,,,,,,,,
trump-marks-las-vegas-llc,DE,4420652,https://www.documentcloud.org/documents/3869103-Trump-Marks-Las-Vegas-LLC.html,,,,,,,,,
trump-marks-magazine-llc,DE,4421023,https://www.documentcloud.org/documents/3869106-Trump-Marks-Magazine-LLC.html,,,,,,,,,
trump-marks-magazine-corp,DE,4421078,https://www.documentcloud.org/documents/3869105-Trump-Marks-Magazine-Corp.html,,,,,,,,,
trump-marks-las-vegas-corp,DE,4421167,https://www.documentcloud.org/documents/3869102-Trump-Marks-Las-Vegas-Corp.html,,,,,,,,,
trump-marks-egypt-llc,DE,4424031,https://www.documentcloud.org/documents/3869087-Trump-Marks-Egypt-LLC.html,,,,,,,,,
trump-marks-egypt-corp,DE,4424526,https://www.documentcloud.org/documents/3869086-Trump-Marks-Egypt-Corp.html,,,,,,,,,
trump-marks-beverages-llc,DE,4429766,https://www.documentcloud.org/documents/3869351-Trump-Marks-Beverages-Llc.html,,,,,,,,,
trump-marks-beverages-corp,DE,4429775,https://www.documentcloud.org/documents/3869352-Trump-Marks-Beverages-Corp.html,,,,,,,,,
trump-marks-tampa-llc,DE,4447729,https://www.documentcloud.org/documents/3869144-Trump-Marks-Tampa-LLC.html,,,,,,,,,
trump-marks-tampa-corp,DE,4447731,https://www.documentcloud.org/documents/3869143-Trump-Marks-Tampa-Corp.html,,,,,,,,,
trump-marks-ft-lauderdale-member-corp,DE,4453317,https://www.documentcloud.org/documents/3869091-Trump-Marks-Ft-Lauderdale-Member-Corp.html,,,,,,,,,
trump-marks-sunny-isles-ii-member-corp,DE,4453318,https://www.documentcloud.org/documents/3869142-Trump-Marks-Sunny-Isles-II-Member-Corp.html,,,,,,,,,
trump-marks-sunny-isles-i-member-corp,DE,4453319,https://www.documentcloud.org/documents/3869140-Trump-Marks-Sunny-Isles-I-Member-Corp.html,,,,,,,,,
trump-marks-ft-lauderdale-llc,DE,4453320,https://www.documentcloud.org/documents/3869090-Trump-Marks-Ft-Lauderdale-LLC.html,,,,,,,,,
trump-marks-sunny-isles-i-llc,DE,4453321,https://www.documentcloud.org/documents/3869139-Trump-Marks-Sunny-Isles-I-LLC.html,,,,,,,,,
trump-marks-sunny-isles-ii-llc,DE,4453323,https://www.documentcloud.org/documents/3869141-Trump-Marks-Sunny-Isles-II-LLC.html,,,,,,,,,
trump-marks-puerto-rico-i-llc,DE,4471872,https://www.documentcloud.org/documents/3869128-Trump-Marks-Puerto-Rico-I-LLC.html,,,,,,,,,
trump-marks-puerto-rico-i-member-corp,DE,4471874,https://www.documentcloud.org/documents/3869129-Trump-Marks-Puerto-Rico-I-Member-Corp.html,,,,,,,,,
trump-golf-coco-beach-llc,DE,4471898,https://www.documentcloud.org/documents/3869385-Trump-Golf-Coco-Beach-Llc.html,,,,,,,,,
trump-golf-coco-beach-member-corp,DE,4472471,https://www.documentcloud.org/documents/3869384-Trump-Golf-Coco-Beach-Member-Corp.html,,,,,,,,,
trump-canouan-estate-llc,DE,4477423,https://www.documentcloud.org/documents/3869420-Trump-Canouan-Estate-Llc.html,,,,,,,,,
trump-canouan-estate-member-corp,DE,4477424,https://www.documentcloud.org/documents/3869419-Trump-Canouan-Estate-Member-Corp.html,,,,,,,,,
trump-acquisition-llc,DE,4501149,https://www.documentcloud.org/documents/3869424-Trump-Acquisition-Llc.html,,,,,,,,,
trump-acquisition-corp,DE,4501152,https://www.documentcloud.org/documents/3869425-Trump-Acquisition-Corp.html,,,,,,,,,
thc-china-development-llc-fka-trump-china-development-llc,DE,4507897,https://www.documentcloud.org/documents/3869486-Thc-China-Development-Llc-Fka-Trump-China.html,,,,,,,,,
thc-china-development-management-corp-fka-trump-china-development-management-corp,DE,4508898,https://www.documentcloud.org/documents/3869485-Thc-China-Development-Management-Corp-Fka-Trump.html,,,,,,,,,
trump-marks-asia-llc,DE,4512536,https://www.documentcloud.org/documents/3869359-Trump-Marks-Asia-Llc.html,,,,,,,,,
trump-marks-philippines-llc,DE,4512537,https://www.documentcloud.org/documents/3869125-Trump-Marks-Philippines-LLC.html,,,,,,,,,
trump-marks-philippines-corp,DE,4516881,https://www.documentcloud.org/documents/3869124-Trump-Marks-Philippines-Corp.html,,,,,,,,,
trump-marks-asia-corp,DE,4516886,https://www.documentcloud.org/documents/3869360-Trump-Marks-Asia-Corp.html,,,,,,,,,
trump-marks-golf-swing-member-corp,DE,4518519,https://www.documentcloud.org/documents/3869093-Trump-Marks-Golf-Swing-Member-Corp.html,,,,,,,,,
trump-marks-golf-swing-llc,DE,4518524,https://www.documentcloud.org/documents/3869092-Trump-Marks-Golf-Swing-LLC.html,,,,,,,,,
trump-toronto-member-corp-formally-trump-toronto-management-member-corp,DE,4521516,https://www.documentcloud.org/documents/3869181-Trump-Toronto-Member-Corp-Formally-Trump-Toronto.html,,,,,,,,,
trump-marks-istanbul-ii-llc,DE,4521520,https://www.documentcloud.org/documents/3869099-Trump-Marks-Istanbul-II-LLC.html,,,,,,,,,
trump-marks-istanbul-ii-corp,DE,4521528,https://www.documentcloud.org/documents/3869098-Trump-Marks-Istanbul-II-Corp.html,,,,,,,,,
trump-marks-toronto-lp-formally-trump-toronto-management-lp,DE,4521949,https://www.documentcloud.org/documents/3869147-Trump-Marks-Toronto-LP-Formerly-Trump-Toronto.html,,,,,,,,,
trump-marks-atlanta-member-corp,DE,4542059,https://www.documentcloud.org/documents/3869357-Trump-Marks-Atlanta-Member-Corp.html,,,,,,,,,
trump-marks-atlanta-llc,DE,4542063,https://www.documentcloud.org/documents/3869358-Trump-Marks-Atlanta-Llc.html,,,,,,,,,
trump-toronto-hotel-management-corp,DE,4555141,https://www.documentcloud.org/documents/3869180-Trump-Toronto-Hotel-Management-Corp.html,,,,,,,,,
china-trademark-llc,DE,4563276,https://www.documentcloud.org/documents/3868913-China-Trademark-Llc.html,,,,,,,,,
trump-marks-puerto-rico-ii-member-corp,DE,4572358,https://www.documentcloud.org/documents/3869131-Trump-Marks-Puerto-Rico-II-Member-Corp.html,,,,,,,,,
trump-marks-puerto-rico-ii-llc,DE,4572362,https://www.documentcloud.org/documents/3869130-Trump-Marks-Puerto-Rico-II-LLC.html,,,,,,,,,
trump-national-golf-club-colts-neck-member-corp,DE,4573610,https://www.documentcloud.org/documents/3869155-Trump-National-Golf-Club-Colts-Neck-Member-Corp.html,,,,,,,,,
trump-national-golf-club-colts-neck-llc,DE,4573611,https://www.documentcloud.org/documents/3869154-Trump-National-Golf-Club-Colts-Neck-LLC.html,,,,,,,,,
unit-2502-enterprises-llc,DE,4576881,https://www.documentcloud.org/documents/3869200-Unit-2502-Enterprises-LLC.html,,,,,,,,,
unit-2502-enterprises-corp,DE,4577970,https://www.documentcloud.org/documents/3869199-Unit-2502-Enterprises-Corp.html,,,,,,,,,
trump-kelowna-llc,DE,4582613,https://www.documentcloud.org/documents/3869374-Trump-Kelowna-Llc.html,,,,,,,,,
trump-kelowna-member-corp,DE,4582614,https://www.documentcloud.org/documents/3869373-Trump-Kelowna-Member-Corp.html,,,,,,,,,
trump-marks-mattress-llc,DE,4585084,https://www.documentcloud.org/documents/3869107-Trump-Marks-Mattress-LLC.html,,,,,,,,,
trump-marks-mattress-member-corp,DE,4585087,https://www.documentcloud.org/documents/3869108-Trump-Marks-Mattress-Member-Corp.html,,,,,,,,,
trump-marks-south-africa-member-corp,DE,4600199,https://www.documentcloud.org/documents/3869136-Trump-Marks-South-Africa-Member-Corp.html,,,,,,,,,
trump-marks-south-africa-llc,DE,4600201,https://www.documentcloud.org/documents/3869135-Trump-Marks-South-Africa-LLC.html,,,,,,,,,
tngc-pine-hill-llc-fka-crest-court-llc,DE,4601974,https://www.documentcloud.org/documents/3869443-Tngc-Pine-Hill-Llc-Fka-Crest-Court-Llc.html,,,,,,,,,
tngc-pine-hill-member-corp-fka-crest-court-member-corp,DE,4602321,https://www.documentcloud.org/documents/3869442-Tngc-Pine-Hill-Member-Corp-Fka-Crest-Court.html,,,,,,,,,
sentient-jets-llc-nowknownas-trump-jets-llc,DE,4605358,https://www.documentcloud.org/documents/3870590-Sentient-Jets-LLC-Nowknownas-Trump-Jets-LLC.html,,,,,,,,,
sentient-jets-member-corp,DE,4605359,https://www.documentcloud.org/documents/3869497-Sentient-Jets-Member-Corp.html,,,,,,,,,
tngc-dutchess-county-llc-fka-trump-marks-classic-cars-llc,DE,4620556,https://www.documentcloud.org/documents/3869447-Tngc-Dutchess-County-Llc-Fka-Trump-Marks-Classic.html,,,,,,,,,
tngc-dutchess-county-member-corp-fka-trump-marks-classic-cars-member-corp,DE,4620558,https://www.documentcloud.org/documents/3869446-Tngc-Dutchess-County-Member-Corp-Fka-Trump-Marks.html,,,,,,,,,
trump-procida-fort-lee-llc,DE,4632265,https://www.documentcloud.org/documents/3869168-Trump-Procida-Fort-Lee-LLC.html,,,,,,,,,
trump-fort-lee-member-corp,DE,4632268,https://www.documentcloud.org/documents/3869439-TRUMP-FORT-LEE-MEMBER-CORP.html,,,,,,,,,
trump-fort-lee-llc,DE,4632275,https://www.documentcloud.org/documents/3869387-Trump-Fort-Lee-Llc.html,,,,,,,,,
trump-fort-lee-llc,NJ,0600028491,https://www.documentcloud.org/documents/3869275-Trump-Fort-Lee-LLC.html,,,,Nicholas Ribis;Robert Pickus,,,,,
dsn-licensing-llc-fka-trump-marks-network-llc,DE,4645218,https://www.documentcloud.org/documents/3868903-Dsn-Licensing-Llc-Fka-Trump-Marks-Network-Llc.html,,,,,,,,,
dsn-licensing-member-corp-fka-trump-marks-network-member-inc,DE,4645220,https://www.documentcloud.org/documents/3868902-Dsn-Licensing-Member-Corp-Fka-Trump-Marks.html,,,,,,,,,
trump-national-golf-club-washington-dc-llc,DE,4651704,https://www.documentcloud.org/documents/3870579-Trump-National-Golf-Club-Washington-DC-LLC.html,,,,,,,,,
trump-national-golf-club-washington-dc-member-corp,DE,4651720,https://www.documentcloud.org/documents/3869157-Trump-National-Golf-Club-Washington-DC-Member-Corp.html,,,,,,,,,
trump-identity-llc,DE,4670737,https://www.documentcloud.org/documents/3869381-Trump-Identity-Llc.html,,,,,,,,,
trump-identity-member-corp,DE,4670849,https://www.documentcloud.org/documents/3869380-Trump-Identity-Member-Corp.html,,,,,,,,,
identity-theft-productions-member-corp,DE,4672429,https://www.documentcloud.org/documents/3869522-Identity-Theft-Productions-Member-Corp.html,,,,,,,,,
identity-theft-productions-llc,DE,4672451,https://www.documentcloud.org/documents/3894133-Identity-Theft-Productions-LLC.html,,,,,,,,,
golf-productions-llc,DE,4699148,https://www.documentcloud.org/documents/3869530-Golf-Productions-Llc.html,,,,,,,,,
golf-productions-member-corp,DE,4699223,https://www.documentcloud.org/documents/3869529-Golf-Productions-Member-Corp.html,,,,,,,,,
40-wall-street-commercial-llc,DE,4724693,https://www.documentcloud.org/documents/3868924-40-Wall-Street-Commercial-Llc.html,,,,,,,,,
trump-marks-menswear-member-corp,DE,4724717,https://www.documentcloud.org/documents/3869109-Trump-Marks-Menswear-Member-Corp.html,,,,,,,,,
trump-marks-menswear-llc,DE,4724723,https://www.documentcloud.org/documents/3869434-TRUMP-MARKS-MENSWEAR-LLC.html,,,,,,,,,
trump-international-hotel-hawaii-llc,DE,4729416,https://www.documentcloud.org/documents/3869377-Trump-International-Hotel-Hawaii-Llc.html,,,,,,,,,
tihh-member-llc,DE,4729418,https://www.documentcloud.org/documents/3869452-Tihh-Member-Llc.html,,,,,,,,,
tihh-member-corp,DE,4729524,https://www.documentcloud.org/documents/3894173-TIHH-Member-Corp.html,,,,,,,,,
trump-marks-fine-foods-llc,DE,4729828,https://www.documentcloud.org/documents/3869088-Trump-Marks-Fine-Foods-LLC.html,,,,,,,,,
trump-marks-fine-foods-member-corp,DE,4729846,https://www.documentcloud.org/documents/3869089-Trump-Marks-Fine-Foods-Member-Corp.html,,,,,,,,,
trump-development-services-llc,DE,4735858,https://www.documentcloud.org/documents/3869402-Trump-Development-Services-Llc.html,,,,,,,,,
trump-development-services-member-corp,DE,4735859,https://www.documentcloud.org/documents/3869401-Trump-Development-Services-Member-Corp.html,,,,,,,,,
trump-sales-leasing-chicago-llc,DE,4744124,https://www.documentcloud.org/documents/3869175-Trump-Sales-Leasing-Chicago-LLC.html,,,,,,,,,
trump-sales-leasing-chicago-member-corp,DE,4744125,https://www.documentcloud.org/documents/3869176-Trump-Sales-Leasing-Chicago-Member-Corp.html,,,,,,,,,
trump-home-marks-member-corp,DE,4755800,https://www.documentcloud.org/documents/3869382-Trump-Home-Marks-Member-Corp.html,,,,,,,,,
trump-home-marks-llc,DE,4755802,https://www.documentcloud.org/documents/3869383-Trump-Home-Marks-Llc.html,,,,,,,,,
trump-carousel-llc,DE,4790223,https://www.documentcloud.org/documents/3869418-Trump-Carousel-Llc.html,,,,,,,,,
trump-carousel-member-corp,DE,4790235,https://www.documentcloud.org/documents/3869417-Trump-Carousel-Member-Corp.html,,,,,,,,,
trump-marks-chicago-member-corp,DE,4811660,https://www.documentcloud.org/documents/3869347-Trump-Marks-Chicago-Member-Corp.html,,,,,,,,,
trump-marks-chicago-llc,DE,4811661,https://www.documentcloud.org/documents/3869348-Trump-Marks-Chicago-Llc.html,,,,,,,,,
trump-golf-acquisition-llc,DE,4815099,https://www.documentcloud.org/documents/3869386-Trump-Golf-Acquisition-Llc.html,,,,,,,,,spelled Acquisitions & Acouisilion on FEC
djt-aerospace-llc,DE,4830920,https://www.documentcloud.org/documents/3868911-Djt-Aerospace-Llc.html,,,,,,,,,
trump-ferry-point-llc,DE,4832653,https://www.documentcloud.org/documents/3869391-Trump-Ferry-Point-Llc.html,,,,,,,,,
trump-ferry-point-member-corp,DE,4832660,https://www.documentcloud.org/documents/3869390-Trump-Ferry-Point-Member-Corp.html,,,,,,,,,
trump-classic-cars-member-corp,DE,4840846,https://www.documentcloud.org/documents/3892673-Trump-Classic-Cars-Member-Corp.html,,,,,,,,,
trump-classic-cars-llc,DE,4840847,https://www.documentcloud.org/documents/3894341-Trump-Classic-Cars-LLC.html,,,,,,,,,
trump-chicago-commercial-manager-llc,DE,4841705,https://www.documentcloud.org/documents/3869416-Trump-Chicago-Commercial-Manager-Llc.html,,,,,,,,,
trump-chicago-hotel-manager-llc,DE,4841715,https://www.documentcloud.org/documents/3869413-Trump-Chicago-Hotel-Manager-Llc.html,,,,,,,,,
trump-chicago-residential-manager-llc,DE,4841719,https://www.documentcloud.org/documents/3869410-Trump-Chicago-Residential-Manager-Llc.html,,,,,,,,,
trump-chicago-hotel-member-corp,DE,4845707,https://www.documentcloud.org/documents/3869412-Trump-Chicago-Hotel-Member-Corp.html,,,,,,,,,
trump-chicago-residential-member-corp,DE,4845721,https://www.documentcloud.org/documents/3869409-Trump-Chicago-Residential-Member-Corp.html,,,,,,,,,
trump-chicago-commercial-member-corp,DE,4845725,https://www.documentcloud.org/documents/3869415-Trump-Chicago-Commercial-Member-Corp.html,,,,,,,,,
djt-operations-ii-llc,DE,4848600,https://www.documentcloud.org/documents/3868904-Djt-Operations-Ii-Llc.html,,,,,,,,,
djt-operations-i-llc,DE,4848612,https://www.documentcloud.org/documents/3868905-Djt-Operations-I-Llc.html,,,,,,,,,
trump-ac-casino-marks-member-corp,DE,4855305,https://www.documentcloud.org/documents/3869426-Trump-Ac-Casino-Marks-Member-Corp.html,,,,,,,,,
trump-ac-casino-marks-llc,DE,4855565,https://www.documentcloud.org/documents/3869427-Trump-Ac-Casino-Marks-Llc.html,,,,,,,,,
trump-panama-hotel-management-llc,DE,4856918,https://www.documentcloud.org/documents/3869162-Trump-Panama-Hotel-Management-LLC.html,,,,,,,,,
panama-ocean-club-management-llc,DE,4856923,https://www.documentcloud.org/documents/3869508-Panama-Ocean-Club-Management-Llc.html,,,,,,,,,
trump-panama-hotel-management-member-corp,DE,4856925,https://www.documentcloud.org/documents/3869163-Trump-Panama-Hotel-Management-Member-Corp.html,,,,,,,,,
panama-ocean-club-management-member-corp,DE,4856930,https://www.documentcloud.org/documents/3869507-Panama-Ocean-Club-Management-Member-Corp.html,,,,,,,,,
tihc-reservations-llc,DE,4857651,https://www.documentcloud.org/documents/3869453-Tihc-Reservations-Llc.html,,,,,,,,,
trump-marks-products-member-corp,DE,4871073,https://www.documentcloud.org/documents/3869127-Trump-Marks-Products-Member-Corp.html,,,,,,,,,
trump-marks-products-llc,DE,4871075,https://www.documentcloud.org/documents/3869126-Trump-Marks-Products-LLC.html,,,,,,,,,
trump-marks-mumbai-llc,DE,4881559,https://www.documentcloud.org/documents/3869112-Trump-Marks-Mumbai-LLC.html,,,,,,,,,
trump-marks-mumbai-member-corp,DE,4881560,https://www.documentcloud.org/documents/3869113-Trump-Marks-Mumbai-Member-Corp.html,,,,,,,,,
djt-holdings-llc,DE,4904253,https://www.documentcloud.org/documents/3868909-Djt-Holdings-Llc.html,,,,,,,,,
trump-international-development-llc,DE,4904268,https://www.documentcloud.org/documents/3869379-Trump-International-Development-Llc.html,,,,,,,,,
trump-international-development-member-corp,DE,4904810,https://www.documentcloud.org/documents/3869378-Trump-International-Development-Member-Corp.html,,,,,,,,,
djt-holdings-managing-member-llc,DE,4906627,https://www.documentcloud.org/documents/3868908-Djt-Holdings-Managing-Member-Llc.html,,,,,,,,,
trump-panama-condominium-member-corp,DE,4911642,https://www.documentcloud.org/documents/3869161-Trump-Panama-Condominium-Member-Corp.html,,,,,,,,,
trump-panama-condominium-management-llc,DE,4911647,https://www.documentcloud.org/documents/3869160-Trump-Panama-Condominium-Management-LLC.html,,,,,,,,,
trump-virginia-acquisitions-llc-fka-virginia-acquisitions-llc,DE,4930670,https://www.documentcloud.org/documents/3869185-Trump-Virginia-Acquisitions-LLC-FKA-Virginia.html,,,,,,,,,
trump-marketing-llc,DE,4938736,https://www.documentcloud.org/documents/3869361-Trump-Marketing-Llc.html,,,,,,,,,
trump-marks-batumi-managing-member-corp,DE,4947910,https://www.documentcloud.org/documents/3899299-Trump-Marks-Batumi-Managing-Member-Corp.html,,,,,,,,,
trump-marks-batumi-llc,DE,4947913,https://www.documentcloud.org/documents/3869354-Trump-Marks-Batumi-Llc.html,,,,,,,,,
trump-virginia-acquisitions-manager-corp,DE,4953681,https://www.documentcloud.org/documents/3869428-TRUMP-VIRGINIA-ACQUISITIONS-MANAGER-CORP.html,,,,,,,,,
trump-vineyard-estates-manager-corp,DE,4956201,https://www.documentcloud.org/documents/3869184-Trump-Vineyard-Estates-Manager-Corp.html,,,,,,,,,
trump-vineyard-estates-llc,DE,4956337,https://www.documentcloud.org/documents/3869182-Trump-Vineyard-Estates-LLC.html,,,,,,,,,
trump-vineyard-estates-lot-3-owner-llc-fka-eric-trump-land-holdings-llc,DE,4974927,https://www.documentcloud.org/documents/3869183-Trump-Vineyard-Estates-Lot-3-Owner-LLC-FKA-Eric.html,,,,,,,,,
eric-trump-wine-manufacturing-llc,DE,4974928,https://www.documentcloud.org/documents/3894389-Eric-Trump-Wine-Manufacturing-LLC.html,,,,,,,,,
thc-imea-development-llc,DE,4975624,https://www.documentcloud.org/documents/3869477-Thc-Imea-Development-Llc.html,,,,,,,,,
djt-land-holdings-member-corp,DE,4975628,https://www.documentcloud.org/documents/3868907-Djt-Land-Holdings-Member-Corp.html,,,,,,,,,
trump-drinks-israel-holdings-member-corp,DE,4988035,https://www.documentcloud.org/documents/3869399-Trump-Drinks-Israel-Holdings-Member-Corp.html,,,,,,,,,
trump-drinks-israel-member-corp,DE,4988039,https://www.documentcloud.org/documents/3869397-Trump-Drinks-Israel-Member-Corp.html,,,,,,,,,
trump-drinks-israel-holdings-llc,DE,4988040,https://www.documentcloud.org/documents/3894220-Trump-Drinks-Israel-Holdings-LLC.html,,,,,,,,,
trump-drinks-israel-llc,DE,4988042,https://www.documentcloud.org/documents/3869398-Trump-Drinks-Israel-Llc.html,,,,,,,,,
trump-wine-marks-llc,DE,5000092,https://www.documentcloud.org/documents/3869188-Trump-Wine-Marks-LLC.html,,,,,,,,,
trump-wine-marks-member-corp,DE,5000093,https://www.documentcloud.org/documents/3869189-Trump-Wine-Marks-Member-Corp.html,,,,,,,,,
trump-virginia-lot-5-llc,DE,5003811,https://www.documentcloud.org/documents/3869186-Trump-Virginia-Lot-5-LLC.html,,,,,,,,,
trump-virginia-lot-5-manager-corp,DE,5003817,https://www.documentcloud.org/documents/3869187-Trump-Virginia-Lot-5-Manager-Corp.html,,,,,,,,,
trump-old-post-office-llc,DE,5005095,https://www.documentcloud.org/documents/3869158-Trump-Old-Post-Office-LLC.html,,,,,,,,,
trump-old-post-office-member-corp,DE,5005098,https://www.documentcloud.org/documents/3869159-Trump-Old-Post-Office-Member-Corp.html,,,,,,,,,
lamington-farm-club-llc,DE,3172894,https://www.documentcloud.org/documents/3899038-Lamington-Farm-Club-LLC.html,,,,,,,,,
lamington-family-holdings-llc,DE,5006729,https://www.documentcloud.org/documents/3869519-Lamington-Family-Holdings-Llc.html,,,,,,,,,
trump-scotsborough-square-llc,DE,5006730,https://www.documentcloud.org/documents/3869178-Trump-Scotsborough-Square-LLC.html,,,,,,,,,
trump-scotsborough-square-member-corp,DE,5007394,https://www.documentcloud.org/documents/3869179-Trump-Scotsborough-Square-Member-Corp.html,,,,,,,,,
trump-eu-marks-llc,DE,5020586,https://www.documentcloud.org/documents/3869393-Trump-Eu-Marks-Llc.html,,,,,,,,,
trump-eu-marks-member-corp,DE,5020589,https://www.documentcloud.org/documents/3869392-Trump-Eu-Marks-Member-Corp.html,,,,,,,,,
trump-world-productions-manager-corp,DE,5045391,https://www.documentcloud.org/documents/3869191-Trump-World-Productions-Manager-Corp.html,,,,,,,,,
trump-world-productions-llc,DE,5046309,https://www.documentcloud.org/documents/3869190-Trump-World-Productions-LLC.html,,,,,,,,,
trump-books-llc,DE,5046863,https://www.documentcloud.org/documents/3869423-Trump-Books-Llc.html,,,,,,,,,
trump-books-manager-corp,DE,5046864,https://www.documentcloud.org/documents/3869422-Trump-Books-Manager-Corp.html,,,,,,,,,
trump-endeavor-12-llc,DE,5048839,https://www.documentcloud.org/documents/3869395-Trump-Endeavor-12-Llc.html,,,,,,,,,FEC says Trump Endeavor 12 LLC (Trump National Doral)
trump-endeavor-12-manager-corp,DE,5048845,https://www.documentcloud.org/documents/3869394-Trump-Endeavor-12-Manager-Corp.html,,,,,,,,,
tngc-charlotte-llc,DE,5054886,https://www.documentcloud.org/documents/3869449-Tngc-Charlotte-Llc.html,,,,,,,,,
tngc-charlotte-manager-corp,DE,5054888,https://www.documentcloud.org/documents/3869448-Tngc-Charlotte-Manager-Corp.html,,,,,,,,,
paramount-rpv-holdings-llc,DE,5062507,https://www.documentcloud.org/documents/3894127-Paramount-RPV-Holdings-LLC.html,,,,,,,,,
paramount-rpv-holdings-manager-corp,DE,5062508,https://www.documentcloud.org/documents/3869506-Paramount-Rpv-Holdings-Manager-Corp.html,,,,,,,,,
lfb-acquisition-member-corp,DE,5063688,https://www.documentcloud.org/documents/3869517-Lfb-Acquisition-Member-Corp.html,,,,,,,,,
trump-national-golf-club-member-corp,DE,5063693,https://www.documentcloud.org/documents/3869156-Trump-National-Golf-Club-Member-Corp.html,,,,,,,,,
restaurant-40-member-corp,DE,5086239,https://www.documentcloud.org/documents/3869500-Restaurant-40-Member-Corp.html,,,,,,,,,
restaurant-40-llc,DE,5086242,https://www.documentcloud.org/documents/3869501-Restaurant-40-Llc.html,,,,,,,,,
trump-marks-punta-del-este-llc,DE,5091092,https://www.documentcloud.org/documents/3869132-Trump-Marks-Punta-Del-Este-LLC.html,,,,,,,,,
trump-marks-punta-del-este-manager-corp,DE,5091149,https://www.documentcloud.org/documents/3869133-Trump-Marks-Punta-Del-Este-Manager-Corp.html,,,,,,,,,
dt-marks-pune-llc,DE,5092397,https://www.documentcloud.org/documents/3869562-Dt-Marks-Pune-Llc.html,,,,,,,,,
dt-india-venture-llc,DE,5092401,https://www.documentcloud.org/documents/3868884-Dt-India-Venture-Llc.html,,,,,,,,,
dt-marks-pune-managing-member-corp,DE,5092402,https://www.documentcloud.org/documents/3869561-Dt-Marks-Pune-Managing-Member-Corp.html,,,,,,,,,
dt-india-venture-managing-member-corp,DE,5092403,https://www.documentcloud.org/documents/3868883-Dt-India-Venture-Managing-Member-Corp.html,,,,,,,,,
dt-connect-managing-member-corp,DE,5115645,https://www.documentcloud.org/documents/3868893-Dt-Connect-Managing-Member-Corp.html,,,,,,,,,
dt-connect-llc,DE,5115649,https://www.documentcloud.org/documents/3894030-DT-Connect-LLC.html,,,,,,,,,
dt-app-warrant-holding-managing-member-corp,DE,5118441,https://www.documentcloud.org/documents/3868901-Dt-App-Warrant-Holding-Managing-Member-Corp.html,,,,,,,,,
dt-app-warrant-holding-llc,DE,5118445,https://www.documentcloud.org/documents/3894021-DT-App-Warrant-Holding-LLC.html,,,,,,,,,
dt-marks-rio-llc,DE,5121561,https://www.documentcloud.org/documents/3869558-Dt-Marks-Rio-Llc.html,,,,,,,,,
dt-marks-rio-member-corp,DE,5121564,https://www.documentcloud.org/documents/3869557-Dt-Marks-Rio-Member-Corps.html,,,,,,,,,
poker-venture-llc,DE,5125918,https://www.documentcloud.org/documents/3869503-Poker-Venture-Llc.html,,,,,,,,,
poker-venture-managing-member-corp,DE,5125920,https://www.documentcloud.org/documents/3869502-Poker-Venture-Managing-Member-Corp.html,,,,,,,,,
white-course-managing-member-corp,DE,5126617,https://www.documentcloud.org/documents/3869206-White-Course-Managing-Member-Corp.html,,,,,,,,,
white-course-llc,DE,5126618,https://www.documentcloud.org/documents/3869205-White-Course-LLC.html,,,,,,,,,
trump-miami-resort-management-llc,DE,5128245,https://www.documentcloud.org/documents/3869346-Trump-Miami-Resort-Management-Llc.html,,,,,,,,,
trump-miami-resort-management-member-corp,DE,5128248,https://www.documentcloud.org/documents/3869345-Trump-Miami-Resort-Management-Member-Corp.html,,,,,,,,,
dt-marks-baku-llc,DE,5137315,https://www.documentcloud.org/documents/3869579-Dt-Marks-Baku-Llc.html,,,,,,,,,
dt-marks-baku-managing-member-corp,DE,5137319,https://www.documentcloud.org/documents/3869578-Dt-Marks-Baku-Managing-Member-Corp.html,,,,,,,,,
djt-operations-cx-llc,DE,5211643,https://www.documentcloud.org/documents/3868906-Djt-Operations-Cx-Llc.html,,,,,,,,,
jupiter-golf-club-llc,DE,5219789,https://www.documentcloud.org/documents/3869521-Jupiter-Golf-Club-Llc.html,,,,,,,,,
jupiter-golf-club-managing-member-corp,DE,5219790,https://www.documentcloud.org/documents/3869520-Jupiter-Golf-Club-Managing-Member-Corp.html,,,,,,,,,
thc-hotel-development-llc,DE,5226568,https://www.documentcloud.org/documents/3869478-Thc-Hotel-Development-Llc.html,,,,,,,,,
trump-chicago-retail-llc,DE,5228357,https://www.documentcloud.org/documents/3869408-Trump-Chicago-Retail-Llc.html,,,,,,,,,
trump-chicago-retail-member-corp,DE,5231992,https://www.documentcloud.org/documents/3869406-Trump-Chicago-Retail-Member-Corp.html,,,,,,,,,
trump-chicago-retail-manager-llc,DE,5231993,https://www.documentcloud.org/documents/3869407-Trump-Chicago-Retail-Manager-Llc.html,,,,,,,,,
tp-cfd-llc,DE,5249139,https://www.documentcloud.org/documents/3869441-Tp-Cfd-Llc.html,,,,,,,,,
tp-cfd-manager-corp,DE,5249140,https://www.documentcloud.org/documents/3869440-Tp-Cfd-Manager-Corp.html,,,,,,,,,
dt-marks-vancouver-member-corp,DE,5277332,https://www.documentcloud.org/documents/3869555-Dt-Marks-Vancouver-Member-Corp.html,,,,,,,,,
thc-vancouver-management-corp,DE,5277336,https://www.documentcloud.org/documents/3869462-Thc-Vancouver-Management-Corp.html,,,,,,,,,
dt-marks-vancouver-lp,DE,5278097,https://www.documentcloud.org/documents/3869556-Dt-Marks-Vancouver-Lp.html,,,,,,,,,
thc-miami-restaurant-hospitality-llc,DE,5283475,https://www.documentcloud.org/documents/3892669-THC-Miami-Restaurant-Hospitality-LLC.html,,,,,,,,,
caribusiness-re-corp-the,DE,5302941,https://www.documentcloud.org/documents/3868915-Caribusiness-Re-Corp-The.html,,,,,,,,,
caribusiness-mre-llc,DE,5302942,https://www.documentcloud.org/documents/3868916-Caribusiness-Mre-Llc.html,,,,,,,,,
dt-dubai-golf-manager-member-corp,DE,5306432,https://www.documentcloud.org/documents/3868891-Dt-Dubai-Golf-Manager-Member-Corp.html,,,,,,,,,
dt-dubai-golf-manager-llc,DE,5306435,https://www.documentcloud.org/documents/3868892-Dt-Dubai-Golf-Manager-Llc.html,,,,,,,,,
thc-rio-managing-member-corp,DE,5317473,https://www.documentcloud.org/documents/3869469-Thc-Rio-Managing-Member-Corp.html,,,,,,,,,
thc-rio-manager-llc,DE,5317474,https://www.documentcloud.org/documents/3869470-Thc-Rio-Manager-Llc.html,,,,,,,,,
eid-venture-i-llc,DE,5327476,https://www.documentcloud.org/documents/3869535-Eid-Venture-I-Llc.html,,,,,,,,,
excel-venture-i-llc,DE,5327477,https://www.documentcloud.org/documents/3869531-Excel-Venture-I-Llc.html,,,,,,,,,
excel-venture-i-corp,DE,5329207,https://www.documentcloud.org/documents/3869532-Excel-Venture-I-Corp.html,,,,,,,,,
eid-venture-i-corporation,DE,5329220,https://www.documentcloud.org/documents/3869536-Eid-Venture-I-Corporation.html,,,,,,,,,
thc-development-brazil-managing-member-corp,DE,5334944,https://www.documentcloud.org/documents/3869481-Thc-Development-Brazil-Managing-Member-Corp.html,,,,,,,,,
thc-development-brazil-llc,DE,5334945,https://www.documentcloud.org/documents/3894146-THC-Development-Brazil-LLC.html,,,,,,,,,
dt-marks-worli-member-corp,DE,5338686,https://www.documentcloud.org/documents/3869553-Dt-Marks-Worli-Member-Corp.html,,,,,,,,,
dt-marks-worli-llc,DE,5338687,https://www.documentcloud.org/documents/3869554-Dt-Marks-Worli-Llc.html,,,,,,,,,
opo-hotel-manager-llc,DE,5349641,https://www.documentcloud.org/documents/3869511-Opo-Hotel-Manager-Llc.html,,,,,,,,,
opo-hotel-manager-member-corp,DE,5349643,https://www.documentcloud.org/documents/3869510-Opo-Hotel-Manager-Member-Corps.html,,,,,,,,,
south-beach-venture-member-corp-fka-thc-marks-rio-member-corp,DE,5363973,https://www.documentcloud.org/documents/3869495-South-Beach-Venture-Member-Corp-Fka-Thc-Marks.html,,,,,,,,,
south-beach-venture-llc-fka-thc-marks-rio-llc,DE,5363977,https://www.documentcloud.org/documents/3869496-South-Beach-Venture-Llc-Fka-Thc-Marks-Rio-Llc.html,,,,,,,,,
dt-home-marks-international-llc,DE,5365591,https://www.documentcloud.org/documents/3868886-Dt-Home-Marks-International-Llc.html,,,,,,,,,
dt-home-marks-international-member-corp,DE,5365594,https://www.documentcloud.org/documents/3868885-Dt-Home-Marks-International-Member-Corp.html,,,,,,,,,
dt-marks-dubai-llc,DE,5393092,https://www.documentcloud.org/documents/3869574-Dt-Marks-Dubai-Llc.html,,,,,,,,,
dt-marks-dubai-member-corp,DE,5393095,https://www.documentcloud.org/documents/3869573-Dt-Marks-Dubai-Member-Corp.html,,,,,,,,,
dt-marks-products-international-llc,DE,5398379,https://www.documentcloud.org/documents/3869566-Dt-Marks-Products-International-Llc.html,,,,,,,,,
dt-marks-products-international-member-corp,DE,5398380,https://www.documentcloud.org/documents/3869565-Dt-Marks-Products-International-Member-Corp.html,,,,,,,,,
thc-central-reservations-llc,DE,5399851,https://www.documentcloud.org/documents/3869488-Thc-Central-Reservations-Llc.html,,,,,,,,,
thc-central-reservations-member-corp,DE,5399854,https://www.documentcloud.org/documents/3869487-Thc-Central-Reservations-Member-Corp.html,,,,,,,,,
thc-sales-marketing-llc,DE,5400642,https://www.documentcloud.org/documents/3869468-Thc-Sales-Marketing-Llc.html,,,,,,,,,
thc-sales-marketing-member-corp,DE,5400643,https://www.documentcloud.org/documents/3869467-Thc-Sales-Marketing-Member-Corp.html,,,,,,,,,
tw-venture-i-llc,DE,5434634,https://www.documentcloud.org/documents/3869194-TW-Venture-I-LLC.html,,,,,,,,,
tw-venture-i-managing-member-corp,DE,5434636,https://www.documentcloud.org/documents/3869195-TW-Venture-I-Managing-Member-Corp.html,,,,,,,,,
tw-venture-ii-llc,DE,5474765,https://www.documentcloud.org/documents/3869196-TW-Venture-II-LLC.html,,,,,,,,,
tw-venture-ii-managing-member-corp,DE,5474767,https://www.documentcloud.org/documents/3869225-TW-Venture-II-Managing-Member-Corp.html,,,,,,,,,
tigl-common-area-management-corp,DE,5486483,https://www.documentcloud.org/documents/3869454-Tigl-Common-Area-Management-Corp.html,,,,,,,,,
dtw-venture-managing-member-corp,DE,5498640,https://www.documentcloud.org/documents/3869537-Dtw-Venture-Managing-Member-Corp.html,,,,,,,,,
dtw-venture-llc,DE,5498643,https://www.documentcloud.org/documents/3869538-Dtw-Venture-Llc.html,,,,,,,,,
thc-venture-ii-managing-member-corp,DE,5498647,https://www.documentcloud.org/documents/3869458-Thc-Venture-Ii-Managing-Member-Corp.html,,,,,,,,,
thc-venture-ii-llc,DE,5498652,https://www.documentcloud.org/documents/3869459-Thc-Venture-Ii-Llc.html,,,,,,,,,
thc-venture-i-llc,DE,5498654,https://www.documentcloud.org/documents/3869461-Thc-Venture-I-Llc.html,,,,,,,,,
thc-venture-i-managing-member-corp,DE,5498656,https://www.documentcloud.org/documents/3869460-Thc-Venture-I-Managing-Member-Corp.html,,,,,,,,,
turnberry-scotland-managing-member-corp,DE,5513689,https://www.documentcloud.org/documents/3869193-Turnberry-Scotland-Managing-Member-Corp.html,,,,,,,,,
turnberry-scotland-llc,DE,5513692,https://www.documentcloud.org/documents/3869192-Turnberry-Scotland-LLC.html,,,,,,,,,
pine-hill-development-managing-member-corp,DE,5517247,https://www.documentcloud.org/documents/3869504-Pine-Hill-Development-Managing-Member-Corp.html,,,,,,,,,
pine-hill-development-llc,DE,5517271,https://www.documentcloud.org/documents/3869505-Pine-Hill-Development-Llc.html,,,,,,,,,
the-donald-j-trump-company-llc,DE,5518848,https://www.documentcloud.org/documents/3869457-The-Donald-J-Trump-Company-Llc.html,,,,,,,,,
thc-china-technical-services-manager-corp,DE,5534662,https://www.documentcloud.org/documents/3869483-Thc-China-Technical-Services-Manager-Corp.html,,,,,,,,,
thc-china-technical-services-llc,DE,5535108,https://www.documentcloud.org/documents/3869484-Thc-China-Technical-Services-Llc.html,,,,,,,,,
tttt-venture-llc,DE,5629227,https://www.documentcloud.org/documents/3903771-TTTT-Venture-LLC.html,,,,,,,,,
tttt-venture-member-corp,DE,5629229,https://www.documentcloud.org/documents/3903773-TTTT-Venture-Member-Corp.html,,,,,,,,,
dt-marks-pune-ii-managing-member-corp,DE,5553541,https://www.documentcloud.org/documents/3869563-Dt-Marks-Pune-Ii-Managing-Member-Corp.html,,,,,,,,,
dt-marks-pune-ii-llc,DE,5553542,https://www.documentcloud.org/documents/3869564-Dt-Marks-Pune-Ii-Llc.html,,,,,,,,,
tngc-jupiter-management-llc,DE,5559291,https://www.documentcloud.org/documents/3869445-Tngc-Jupiter-Management-Llc.html,,,,,,,,,
tngc-jupiter-managing-member-corp,DE,5559298,https://www.documentcloud.org/documents/3869444-Tngc-Jupiter-Managing-Member-Corp.html,,,,,,,,,
dt-connect-ii-llc,DE,5578688,https://www.documentcloud.org/documents/3894028-DT-Connect-II-LLC.html,,,,,,,,,
dt-connect-ii-member-corp,DE,5578737,https://www.documentcloud.org/documents/3868894-Dt-Connect-Ii-Member-Corp.html,,,,,,,,,
dt-marks-jupiter-llc,DE,5595223,https://www.documentcloud.org/documents/3869569-Dt-Marks-Jupiter-Llc.html,,,,,,,,,
dt-marks-jersey-city-llc,DE,5629090,https://www.documentcloud.org/documents/3869570-Dt-Marks-Jersey-City-Llc.html,,,,,,,,,
dt-marks-gurgaon-llc,DE,5629103,https://www.documentcloud.org/documents/3869572-Dt-Marks-Gurgaon-Llc.html,,,,,,,,,
dt-marks-gurgaon-managing-member-corp,DE,5629114,https://www.documentcloud.org/documents/3869571-Dt-Marks-Gurgaon-Managing-Member-Corp.html,,,,,,,,,
dt-marks-dubai-ii-member-corp,DE,5630621,https://www.documentcloud.org/documents/3869575-Dt-Marks-Dubai-Ii-Member-Corp.html,,,,,,,,,
thc-dubai-ii-hotel-manager-member-corp,DE,5630622,https://www.documentcloud.org/documents/3869479-Thc-Dubai-Ii-Hotel-Manager-Member-Corp.html,,,,,,,,,
dt-marks-dubai-ii-llc,DE,5630623,https://www.documentcloud.org/documents/3869576-Dt-Marks-Dubai-Ii-Llc.html,,,,,,,,,
thc-dubai-ii-hotel-manager-llc,DE,5630624,https://www.documentcloud.org/documents/3869480-Thc-Dubai-Ii-Hotel-Manager-Llc.html,,,,,,,,,
dt-dubai-ii-golf-manager-member-corp,DE,5630626,https://www.documentcloud.org/documents/3868889-Dt-Dubai-Ii-Golf-Manager-Member-Corp.html,,,,,,,,,
dt-marks-qatar-member-corp,DE,5630627,https://www.documentcloud.org/documents/3869559-Dt-Marks-Qatar-Member-Corp.html,,,,,,,,,
dt-dubai-ii-golf-manager-llc,DE,5630628,https://www.documentcloud.org/documents/3868890-Dt-Dubai-Ii-Golf-Manager-Llc.html,,,,,,,,,
dt-marks-qatar-llc,DE,5630631,https://www.documentcloud.org/documents/3869560-Dt-Marks-Qatar-Llc.html,,,,,,,,,
thc-qatar-hotel-manager-member-corp,DE,5630645,https://www.documentcloud.org/documents/3869471-Thc-Qatar-Hotel-Manager-Member-Corp.html,,,,,,,,,
thc-qatar-hotel-manager-llc,DE,5630651,https://www.documentcloud.org/documents/3869472-Thc-Qatar-Hotel-Manager-Llc.html,,,,,,,,,
owo-developer-llc,DE,5633362,https://www.documentcloud.org/documents/3869509-Owo-Developer-Llc.html,,,,,,,,,
d-b-pace-acquisition-member-corp,DE,5636047,https://www.documentcloud.org/documents/3868912-D-B-Pace-Acquisition-Member-Corp.html,,,,,,,,,
thc-shenzhen-hotel-manager-llc,DE,5646822,https://www.documentcloud.org/documents/3869464-Thc-Shenzhen-Hotel-Manager-Llc.html,,,,,,,,,
thc-shenzhen-hotel-manager-member-corp,DE,5646828,https://www.documentcloud.org/documents/3869463-Thc-Shenzhen-Hotel-Manager-Member-Corp.html,,,,,,,,,
thc-services-shenzhen-llc,DE,5646832,https://www.documentcloud.org/documents/3869466-Thc-Services-Shenzhen-Llc.html,,,,,,,,,
thc-services-shenzhen-member-corp,DE,5646838,https://www.documentcloud.org/documents/3869465-Thc-Services-Shenzhen-Member-Corp.html,,,,,,,,,
thc-baku-services-llc,DE,5654661,https://www.documentcloud.org/documents/3869490-Thc-Baku-Services-Llc.html,,,,,,,,,
thc-baku-services-member-corp,DE,5654667,https://www.documentcloud.org/documents/3869489-Thc-Baku-Services-Member-Corp.html,,,,,,,,,
thc-baku-hotel-manager-services-llc,DE,5661940,https://www.documentcloud.org/documents/3869492-Thc-Baku-Hotel-Manager-Services-Llc.html,,,,,,,,,
thc-baku-hotel-manager-services-member-corp,DE,5661941,https://www.documentcloud.org/documents/3869491-Thc-Baku-Hotel-Manager-Services-Member-Corp.html,,,,,,,,,
dt-tower-gurgaon-llc,DE,5705895,https://www.documentcloud.org/documents/3869552-Dt-Tower-Gurgaon-Llc.html,,,,,,,,,
dt-tower-gurgaon-managing-member-corp,DE,5705971,https://www.documentcloud.org/documents/3869551-Dt-Tower-Gurgaon-Managing-Member-Corp.html,,,,,,,,,
mobile-payroll-construction-manager-corp,DE,5759888,https://www.documentcloud.org/documents/3869512-Mobile-Payroll-Construction-Manager-Corp.html,,,,,,,,,
mobile-payroll-construction-llc,DE,5759889,https://www.documentcloud.org/documents/3869513-Mobile-Payroll-Construction-Llc.html,,,,,,,,,
dt-marks-bali-llc,DE,5771898,https://www.documentcloud.org/documents/3894045-DT-Marks-Bali-LLC.html,,,,,,,,,
dt-bali-technical-services-manager-llc,DE,5771899,https://www.documentcloud.org/documents/3868895-Dt-Bali-Technical-Services-Manager.html,,,,,,,,,
dt-bali-golf-manager-llc,DE,5771901,https://www.documentcloud.org/documents/3868900-Dt-Bali-Golf-Manager-Llc.html,,,,,,,,,
dt-bali-golf-manager-llc,DE,5771901,https://www.documentcloud.org/documents/3894024-DT-Bali-Golf-Manager-LLC.html,,,,,,,,,
dt-bali-hotel-manager-llc,DE,5771904,https://www.documentcloud.org/documents/3868898-Dt-Bali-Hotel-Manager-Llc.html,,,,,,,,,
dt-marks-bali-member-corp,DE,5771909,https://www.documentcloud.org/documents/3869577-Dt-Marks-Bali-Member-Corp.html,,,,,,,,,
dt-bali-technical-services-manager-member-corp,DE,5771914,https://www.documentcloud.org/documents/3868896-Dt-Bali-Technical-Services-Manager-Member-Corp.html,,,,,,,,,
dt-bali-golf-manager-member-corp,DE,5771915,https://www.documentcloud.org/documents/3868899-Dt-Bali-Golf-Manager-Member-Corp.html,,,,,,,,,
dt-bali-hotel-manager-member-corp,DE,5771917,https://www.documentcloud.org/documents/3868897-Dt-Bali-Hotel-Manager-Member-Corp.html,,,,,,,,,
dt-lido-hotel-manager-llc,DE,5771918,https://www.documentcloud.org/documents/3868876-Dt-Lido-Hotel-Manager-Llc.html,,,,,,,,,
dt-marks-lido-llc,DE,5771919,https://www.documentcloud.org/documents/3869568-Dt-Marks-Lido-Llc.html,,,,,,,,,
dt-lido-golf-manager-llc,DE,5771920,https://www.documentcloud.org/documents/3868878-Dt-Lido-Golf-Manager-Llc.html,,,,,,,,,
dt-lido-technical-services-manager-llc,DE,5771922,https://www.documentcloud.org/documents/3869581-Dt-Lido-Technical-Services-Manager-Llc.html,,,,,,,,,
dt-marks-lido-member-corp,DE,5771924,https://www.documentcloud.org/documents/3869567-Dt-Marks-Lido-Member-Corp.html,,,,,,,,,
dt-lido-technical-services-manager-member-corp,DE,5771926,https://www.documentcloud.org/documents/3869580-Dt-Lido-Technical-Services-Manager-Member-Corp.html,,,,,,,,,
dt-lido-golf-manager-member-corp,DE,5771929,https://www.documentcloud.org/documents/3868877-Dt-Lido-Golf-Manager-Member-Corp.html,,,,,,,,,
dt-lido-hotel-manager-member-corp,DE,5771930,https://www.documentcloud.org/documents/3869582-Dt-Lido-Hotel-Manager-Member-Corp.html,,,,,,,,,
thc-dc-restaurant-hospitality-llc,DE,5805386,https://www.documentcloud.org/documents/3869482-Thc-Dc-Restaurant-Hospitality-Llc.html,,,,,,,,,
dt-jeddah-technical-services-advisor-llc,DE,5808098,https://www.documentcloud.org/documents/3868881-Dt-Jeddah-Technical-Services-Advisor-Llc.html,,,,,,,,,
thc-jeddah-hotel-advisor-llc,DE,5808100,https://www.documentcloud.org/documents/3869476-Thc-Jeddah-Hotel-Advisor-Llc.html,,,,,,,,,
thc-jeddah-hotel-advisor-member-corp,DE,5808105,https://www.documentcloud.org/documents/3869475-Thc-Jeddah-Hotel-Advisor-Member-Corp.html,,,,,,,,,
dt-jeddah-technical-services-advisor-member-corp,DE,5808116,https://www.documentcloud.org/documents/3868880-Dt-Jeddah-Technical-Services-Advisor-Member-Corp.html,,,,,,,,,
thc-jeddah-hotel-manager-llc,DE,5812947,https://www.documentcloud.org/documents/3869474-Thc-Jeddah-Hotel-Manager-Llc.html,,,,,,,,,
thc-jeddah-hotel-manager-member-corp,DE,5812957,https://www.documentcloud.org/documents/3869473-Thc-Jeddah-Hotel-Manager-Member-Corp.html,,,,,,,,,
dt-jeddah-technical-services-manager-llc,DE,5812960,https://www.documentcloud.org/documents/3868879-Dt-Jeddah-Technical-Services-Manager-Llc.html,,,,,,,,,
dt-jeddah-technical-services-manager-member-corp,DE,5813034,https://www.documentcloud.org/documents/3868882-Dt-Jeddah-Services-Manager-Member-Corp.html,,,,,,,,,
dt-tower-kolkata-llc,DE,5888570,https://www.documentcloud.org/documents/3869546-Dt-Tower-Kolkata-Llc.html,,,,,,,,,
dt-tower-kolkata-managing-member-corp,DE,5888573,https://www.documentcloud.org/documents/3869545-Dt-Tower-Kolkata-Managing-Member-Corp.html,,,,,,,,,
dt-tower-ii-member-corp,DE,5927124,https://www.documentcloud.org/documents/3869547-Dt-Tower-Ii-Member-Corp.html,,,,,,,,,
dt-endeavor-i-member-corp,DE,5927134,https://www.documentcloud.org/documents/3868887-Dt-Endeavor-I-Member-Corp.html,,,,,,,,,
dt-tower-i-llc,DE,5927139,https://www.documentcloud.org/documents/3869550-Dt-Tower-I-Llc.html,,,,,,,,,
dt-tower-ii-llc,DE,5927141,https://www.documentcloud.org/documents/3869548-Dt-Tower-Ii-Llc.html,,,,,,,,,
dt-endeavor-i-llc,DE,5927150,https://www.documentcloud.org/documents/3868888-Dt-Endeavor-I-Llc.html,,,,,,,,,
eid-venture-ii-member-corp,DE,5927154,https://www.documentcloud.org/documents/3894112-Eid-Venture-II-Member-Corp.html,,,,,,,,,
dt-venture-i-member-corp,DE,5927161,https://www.documentcloud.org/documents/3869543-Dt-Venture-I-Member-Corp.html,,,,,,,,,
dt-venture-ii-member-corp,DE,5927165,https://www.documentcloud.org/documents/3869541-Dt-Venture-Ii-Member-Corp.html,,,,,,,,,
eid-venture-ii-llc,DE,5927169,https://www.documentcloud.org/documents/3869534-Eid-Venture-Ii-Llc.html,,,,,,,,,
dt-venture-i-llc,DE,5927172,https://www.documentcloud.org/documents/3869544-Dt-Venture-I-Llc.html,,,,,,,,,
dt-venture-ii-llc,DE,5927176,https://www.documentcloud.org/documents/3869542-Dt-Venture-Ii-Llc.html,,,,,,,,,
dt-tower-i-member-corp,DE,5927182,https://www.documentcloud.org/documents/3869549-Dt-Tower-I-Member-Corp.html,,,,,,,,,
dttm-operations-managing-member,DE,5937550,https://www.documentcloud.org/documents/3869539-Dttm-Operations-Managing-Member.html,,,,,,,,,
dttm-operations-llc,DE,5937554,https://www.documentcloud.org/documents/3869540-Dttm-Operations-Llc.html,,,,,,,,,
c-development-ventures-member-corp,DE,6009294,https://www.documentcloud.org/documents/3868917-C-Development-Ventures-Member-Corp.html,,,,,,,,,
c-development-ventures-llc,DE,6009296,https://www.documentcloud.org/documents/3868918-C-Development-Ventures-Llc.html,,,,,,,,,
tc-marks-buenos-aires-llc,DE,6021617,https://www.documentcloud.org/documents/3869493-Tc-Marks-Buenos-Aires-Llc.html,,,,,,,,,
thc-miami-restaurant-hospitality-member-corp,DE,5283470,https://www.documentcloud.org/documents/3899054-THC-Miami-Restaurant-Hospitality-Member-Corp.html,,,,,,,,,
florida-properties-management-llc,FL,L01000021857,https://www.documentcloud.org/documents/3894594-Florida-Properties-Management-LLC.html,,,,Eric Trump ,Donald J. Trump,Palm Beach,FL,33480.0,
trump-lauderdale-development-llc,FL,L03000035827,https://www.documentcloud.org/documents/3894611-Trump-Lauderdale-Development-LLC.html,,,,djt-holdings-llc;Eric Trump;Donald Trump Jr.;Allen Weisselberg,Donald J. Trump;Lizebeth Kyprislidis,Palm Beach,FL,33480.0,
trump-lauderdale-development-2-llc,FL,L04000066359,https://www.documentcloud.org/documents/3894619-Trump-Lauderdale-Development-2-LLC.html,,,,djt-holdings-llc;Eric Trump;Donald Trump Jr.;Allen Weisselberg,Donald J. Trump;Lizebeth Kyprislidis,Palm Beach,FL,33480.0,
west-palm-operations-llc,FL,L10000090398,https://www.documentcloud.org/documents/3894631-West-Palm-Operations-LLC.html,,,,djt-holdings-llc,Donald J. Trump;Lizebeth Kyprislidis;Allen Weiselberg,Palm Beach,FL,33406.0,
40-wall-street-llc,FL,L16000114763,https://www.documentcloud.org/documents/3894737-40-Wall-Street-LLC.html,,,,Jerry Burden;Ronald Woodrum,,New York,NY,10005.0,this could be a non-trump company. could be a tenant
trump-international-golf-club-lc-trump-international-golf-club-florida,FL,L97000000480,https://www.documentcloud.org/documents/3894745-TRUMP-INTERNATIONAL-GOLF-CLUB-L-C.html,,,,"Donald J. Trump, Jr.;Allen Weisselberg;trump-international-golf-club-inc",,Palm Beach,FL,33480.0,
dt-connect-llc,FL,M12000001211,https://www.documentcloud.org/documents/3894813-DT-Connect-LLC.html,,,,dt-connect-managing-member-corp;Donald J. Trump,,Palm Beach,FL,33406.0,
t-international-realty-llc-dba-trump-international-realty,FL,M13000000638,https://www.documentcloud.org/documents/3894764-T-International-Realty-LLC-DBA-Trump.html,,,,Donald Trump Jr;Julie Cash;Sara Martens;Olimpia Zanardi;Eric Trump;Janean Buchner;Allen Weisselberg;Michele Hale,Donald J. Trump,New York,NY,10022.0,
thc-miami-restaurant-hospitality-llc,FL,M13000000755,https://www.documentcloud.org/documents/3894867-THC-Miami-Restaurant-Hospitality-LLC.html,,,,thc-miami-restaurant-hospitality-member-corp,Donald J. Trump;Tesh Shewchand;Lizebeth Kyprislidis,Miami,FL,33178.0,
thc-miami-restaurant-hospitality-member-corp,FL,F17000000941,https://www.documentcloud.org/documents/3899049-THC-Miami-Restaurant-Hospitality-Member-Corp.html,,,,Donald Trump Jr;Allen Weisselberg,,New York,NY,10022.0,
dt-connect-ii-llc,FL,M14000005546,https://www.documentcloud.org/documents/3894817-DT-Connect-II-LLC.html,,,,dt-connect-ii-member-corp;Eric Trump,Donald J. Trump,Palm Beach,FL,33406.0,
aviation-payroll-company,FL,P12000068903,https://www.documentcloud.org/documents/3894814-Aviation-Payroll-Company.html,,,,Donald Trump Jr.;Eric Trump;Allen Weisselberg,Donald J. Trump,Palm Beach,FL,33480.0,Note says ``filed new officers''
trump-international-golf-club-inc,FL,P96000099304,https://www.documentcloud.org/documents/3894845-Trump-International-Golf-Club-Inc.html,,,,Donald Trump Jr.,Donald J. Trump,Palm Beach,FL,33480.0,
tigl-ireland-enterprises-limited-trump-international-golf-links-doonbeg,Ireland,538485,https://www.documentcloud.org/documents/3894386-TIGL-Ireland-Enterprises-Ltd.html,,,,Donald Trump Jr.;Eric Trump;Joseph Russell;George Sorial;Niall Seery,,Doonbeg,Co. Clare,,
trump-casino-services-llc,NJ,0600028491,https://www.documentcloud.org/documents/3894385-Trump-Casino-Services-LLC.html,,,,Robert M. Pickus;Nicholas Ribis,,Atlantic City,NJ,8401.0,
trump-casino-holdings-llc,NJ,0600140524,https://www.documentcloud.org/documents/3894384-Trump-Casino-Holdings-LLC.html,,,,None,,Atlantic City,NJ,8401.0,
ace-entertainment-holdings-inc-fka-trump-casinos-inc-formerly-trump-taj-mahal-inc,NJ,0100379004,https://www.documentcloud.org/documents/3903874-Ace-Entertainment-Holdings.html,https://www.documentcloud.org/documents/3869231-Ace-Entertainment-Holdings-Inc-FKA-Trump-Casinos.html,,,Robert Griffin,Donald J. Trump;David Hughes,Atlantic City,NJ,8401.0,
djt-holdings-managing-member-llc,NJ,0600384569,https://www.documentcloud.org/documents/3869235-DJT-Holdings-Managing-Member-LLC.html,,,,Donald Trump;Ivanka Trump;Donald Trump Jr.;Eric Trump;Rhona Graff-Riccio;Allen Weisselberg,,New York,NY,10022.0,Home jurisdiction listed as Delaware
trump-ac-casino-marks-llc,NJ,0600363154,https://www.documentcloud.org/documents/3869241-Trump-AC-Casino-Marks-LLC.html,,,,Donald Trump;Ivanka Trump;Donald Trump Jr.;Eric Trump;Rhona Graff-Riccio;Allen Weisselberg,,New York,NY,10022.0,Home jurisdiction listed as Delaware
trump-fort-lee-member-corp,NJ,0100998097,https://www.documentcloud.org/documents/3869248-Trump-Fort-Lee-Member-Corp.html,,,,Donald Trump,,,,,Home jurisdiction listed as Delaware
trump-ice-llc,NJ,0600327266,https://www.documentcloud.org/documents/3884268-Trump-Ice-LLC.html,,,,,Sonja Talesnick;Lizebeth Kyprislidis,,,,
trump-national-golf-club-colts-neck-llc,NJ,06003269217,https://www.documentcloud.org/documents/3869269-Trump-National-Golf-Club-Colts-Neck-LLC.html,,,,Donald Trump Jr;Allen Weisselberg,,,,,
trump-national-golf-club-colts-neck-member-corp,NJ,0100994777,https://www.documentcloud.org/documents/3869253-Trump-National-Golf-Club-Colts-Neck-Member-Corp.html,,,,Donald Trump;Rhona Graff-Riccio;Allen Weisselberg,,,,,Home jurisdiction listed as Delaware
trump-international-hotel-tower-las-vegas-unit-owners-association,NV,E0089772008-8,https://www.documentcloud.org/documents/3870578-Trump-International-Hotel-Tower-Las-Vegas-Unit.html,,,,Jennifer Smith,,,,,"Jennifer smithi the ""Reservation holder"""
djt-funding-corp,NV,NV19991474095,https://www.documentcloud.org/documents/3892667-DJT-Funding-Corp.html,,,,None,,,,,
trump-entertainment-resorts-holdings-lp,NV,NV20021192954,https://www.documentcloud.org/documents/3892674-Trump-Entertainment-Resorts-Holdings-LP.html,,,,John P. Burke;Mark B. Juliano;Robert M. Pickus,,,,,the doc says this is also in delaware
trump-entertainment-resorts-inc,NV,NV20021504878,https://www.documentcloud.org/documents/3892672-Trump-Entertainment-Resorts-Inc.html,,,,John P. Burke;Edward Dalelio;Mark B. Juliano;Robert M. Pickus,,,,,the doc says this is also in delaware
trump-las-vegas-sales-marketing-inc,NV,NV20041619966,https://www.documentcloud.org/documents/3868874-Trump-Las-Vegas-Sales-Marketing-Inc.html,,,,Nicole Milner-Breen;Donald J Trump Jr.;Eric Trump; Weisselberg,,,,,
trump-las-vegas-corp,NV,NV20091584166,https://www.documentcloud.org/documents/3868875-Trump-Las-Vegas-Corp.html,,,,Rhona Graff Riccio;Donald Trump;Alan Weisselberg,,,,,
beach-haven-apartments-3-llc,NY,1953580,https://www.documentcloud.org/documents/3903861-Beach-Haven-Apartments-3-LLC.html,,,,,,Brooklyn,NY,11223.0,
trump-central-park-west-corp,NY,1833772,https://www.documentcloud.org/documents/3899298-Trump-Central-Park-West-Corp.html,https://www.documentcloud.org/documents/3861217-TRUMP-CENTRAL-PARK-WEST-CORP-20170518091347.html,,,Eric Trump,,New York,NY,10022.0,
parc-consulting-inc,NY,1046394,https://www.documentcloud.org/documents/3893599-Parc-Consulting-Inc.html,https://www.documentcloud.org/documents/3861194-PARC-CONSULTING-INC-20170518014050.html,,,Eric Trump;Jason Greenblatt,Allen Weisselberg;Donald J. Trump;Eric Trump;Lizebeth Kyprislidis,New York,NY,10022.0,
travel-enterprises-management-inc-formerly-toys-at-trump-inc,NY,1067762,https://www.documentcloud.org/documents/3893587-Travel-Enterprises-Management-Inc.html,https://www.documentcloud.org/documents/3861208-TOYS-at-TRUMP-INC-20170518092134.html,,,Eric Trump;Jason Greenblatt,Gerald Weinberg;Donald Trump;Jason Greenblatt;,New York,NY,10022.0,
trump-ice-inc,NY,1090246,https://www.documentcloud.org/documents/3893566-Trump-Ice-Inc.html,https://www.documentcloud.org/documents/3861225-TRUMP-ICE-INC-20170518093347.html,,,Eric Trump,Donald J. Trump;Eric Trump;Lizebeth Kyprislidis,New York,NY,10022.0,
plaza-consulting-corp,NY,1121106,https://www.documentcloud.org/documents/3893597-Plaza-Consulting-Corp.html,https://www.documentcloud.org/documents/3861196-PLAZA-CONSULTING-CORP-20170518013654.html,,,Eric Trump,Leif Tonnessen;Donald Trump;Eric Trump;Lizebeth Kyprislidis,New York,NY,10022.0,
chelsea-hall-llc,NY,114705,https://www.documentcloud.org/documents/3893614-Chelsea-Hall-LLC.html,https://www.documentcloud.org/documents/3861180-CHELSEA-HALL-LLC-20170518072136.html,,,None,Lawrence Kirsh;John Walter,,,,
helicopter-air-services-inc,NY,1288109,https://www.documentcloud.org/documents/3893604-Helicopter-Air-Services-Inc.html,https://www.documentcloud.org/documents/3861188-HELICOPTER-AIR-SERVICES-20170518005922.html,,,Eric Trump;Allen Garten,Donald Trump;Alen Garten;Lizebeth Kyprislidis,New York,NY,10022.0,
trump-payroll-corp,NY,1305503,https://www.documentcloud.org/documents/3893548-Trump-Payroll-Corp.html,https://www.documentcloud.org/documents/3861236-TRUMP-PAYROLL-CORP20170518130700.html,,,Eric Trump,Elizabeth McNally;Eric Trump,New York,NY,10022.0,
the-police-athletic-league-inc,NY,41917,https://www.documentcloud.org/documents/3899060-The-Police-Athletic-League-Inc.html,,,,None,,New York,NY,10003.0,
trump-hotel-management-corp,NY,1341798,https://www.documentcloud.org/documents/3893567-Trump-Hotel-Management-Corp.html,,,,Donald J. Trump;Nicholas L. Ribis,,,,,
trump-village-construction-corp,NY,144773,https://www.documentcloud.org/documents/3893536-Trump-Village-Construction-Corp.html,https://www.documentcloud.org/documents/3861244-TRUMP-VILLAGE-CONSTRUCTION-CORP20170518132056.html,,,Robert S. Trump,Fred Trump;Matthew J. Tosti;John Walter;Irwin Durben;Robert S. Trump;John Walter,Manhasset,NY,11030.0,
trumps-castle-management-corp,NY,1662663,https://www.documentcloud.org/documents/3894376-Trumps-Castle-Management-Corp.html,,,,Eric Trump;Allen Garten,,New York,NY,10022.0,
trump-project-management-corp,NY,1831363,https://www.documentcloud.org/documents/3893544-Trump-Project-Management-Corp.html,https://www.documentcloud.org/documents/3861238-TRUMP-PROGECT-MGMT-CORP20170518125744.html,https://www.documentcloud.org/documents/3861239-TRUMP-PROJECT-MGMT-CORP20170518125716.html,https://www.documentcloud.org/documents/3861239-TRUMP-PROJECT-MGMT-CORP20170518125716.html,Donald J. Trump,Leah Hanlon;Donald Trump;Lizebeth Kyprislidis;Allen Weisselberg,New York,NY,10022.0,*Couldn't find Strock&Strock on document 
40-wall-development-associates-llc,NY,1943518,https://www.documentcloud.org/documents/3894367-40-Wall-Development-Associates.html,,,,None,,New York,NY,10022.0,
bedford-hills-corp,NY,1945078,https://www.documentcloud.org/documents/3893617-Bedford-Hills-Corporation.html,https://www.documentcloud.org/documents/3861173-BEDFORD-HILLS-CORP-20170518071909.html,,,Eric Trump,Ray Harris;Eric Trump;Lizebeth Kyprislidis,New York,NY,10022.0,
shore-haven-shopping-center-llc,NY,1953506,https://www.documentcloud.org/documents/3893595-Shore-Haven-Shopping-Center-LLC.html,https://www.documentcloud.org/documents/3861198-SHORE-HAVEN-SHOPPING-CEN-20170518012959.html,,,None,John Walter;Robert S. Trump;Fred Trump:Mathew Tosti,Brooklyn,NY,11223.0,*Added Robert S Trump (his name on certificate of dissolution) 
shore-haven-apt-1-inc,NY,80492,https://www.documentcloud.org/documents/3899043-SHORE-HAVEN-APARTMENTS-NO-1-INC.html,,,,Robert S Trump,,Manhasset,NY,11030.0,
wilshire-hall-llc,NY,1954157,https://www.documentcloud.org/documents/3893532-Wilshire-Hall-LLC.html,https://www.documentcloud.org/documents/3861171-ARTICLES-of-ORG-WILSHIRE-HALL-LLC20170518131724.html,,,None,John Walter:Lawrence Kirsh,Brooklyn,NY,11223.0,
lawrence-towers-apartments-llc,NY,1954274,https://www.documentcloud.org/documents/3893602-Lawrence-Towers-Apartments-LLC.html,https://www.documentcloud.org/documents/3866246-LAWRENCE-TOWERS-APARTMENTS-20170518005028.html,,,None,Lawrence Kirsch;John Walter,Brooklyn,NY,11223.0,
fifty-seventh-street-associates-llc,NY,1966492,https://www.documentcloud.org/documents/3894371-Fifty-Seventh-Street-Associates.html,,,,None,,New York,NY,10011.0,
fifty-seven-management-corp,NY,1974809,https://www.documentcloud.org/documents/3893607-Fifty-Seven-Management-Corp.html,https://www.documentcloud.org/documents/3861186-FIFTY-SEVEN-MANAGEMENT-C-20170518010439.html,,,Eric Trump;Jason Greenblatt,Donald Trump;Nicholas Ribis;Eric Trump;Lizebeth Kyprislidis,New York,NY,10022.0,*Couldn't find Prentince Hall 
seven-springs-llc,NY,1980679,https://www.documentcloud.org/documents/3894372-Seven-Springs-LLC.html,,,,None,,,,,
briarcliff-properties-inc,NY,1990727,https://www.documentcloud.org/documents/3893615-Briarcliff-Properties.html,https://www.documentcloud.org/documents/3861176-BRIARCLIFF-PROPERTIES-INC-20170518072048.html,,,Eric Trump,Delia Taliento;William Popeo;John Pelletier;Eric Trump;Lizebeth Kyprislidis,New York,NY,10022.0,
midland-associates,NY,1997487,https://www.documentcloud.org/documents/3893601-Midland-Associates-LLC.html,,,,None,,Manhasset,NY,11030.0,
park-briar-associates,NY,1997495,https://www.documentcloud.org/documents/3893598-Park-Briar-Associates-LLC.html,https://www.documentcloud.org/documents/3861195-PARK-BRIAR-ASSOCIATES-20170518013905.html,,,None,Lawrence Kirsch;Donald Trump;Robert Trump;John Walter,Manhasset,NY,11030.0,
the-trump-corporation,NY,642339,https://www.documentcloud.org/documents/3899065-The-Trump-Corporation.html,,,,Eric Trump,,New York,NY,10022.0,
trump-briarcliff-manor-development-llc-formerly-briar-hall-development-llc,NY,2007446,https://www.documentcloud.org/documents/3893574-Trump-Briarcliff-Manor-Development-LLC.html,https://www.documentcloud.org/documents/3861174-BRIAR-HALL-DEVELOPMENT-LLC-20170518093112.html,,,None,Bernard R. Diamond;Meredith H. Rubin;Donald J. Trump;Lizebeth Kyprislidis,Briar Cliff Manor,NY,10510.0,
55-wall-development-corp,NY,2066961,https://www.documentcloud.org/documents/3894369-55-Wall-Development-Corp.html,,,,Donald J. Trump,,New York,NY,10022.0,
first-member-inc,NY,2069399,https://www.documentcloud.org/documents/3893606-First-Member-Inc.html,https://www.documentcloud.org/documents/3861187-FIRST-MEMBER-INC-20170518010044.html,,,Eric Trump,Delia Taliento;Donald Trump;David L. Cohen;Eric Trump,New York,NY,10022.0,*Updated address to reflect most recent location 
trump-palaceparc-llc,NY,2069538,https://www.documentcloud.org/documents/3893553-Trump-Palace-Parc-LLC.html,https://www.documentcloud.org/documents/3861169-ARTICLES-of-ORG-TRUMP-PALACEPARC-LLC20170518130930.html,,,None,Donald Trump;Michael Discafani;Bernard Diamond;Lizebeth Kyprislidis;David Cohen,,,,
trump-pageants-inc,NY,2073671,https://www.documentcloud.org/documents/3893556-Trump-Pageants-Inc.html,https://www.documentcloud.org/documents/3861233-TRUMP-PAGEANTS-INC20170518131057.html,,,Eric Trump,Donald J. Trump;Delia Taliento;Alen Garten;Eric Trump;Lizebeth Kyprislidis,New York,NY,10022.0,
tttt-venture-llc,NY,4976648,https://www.documentcloud.org/documents/3903772-TTTT-Venture-LLC.html,,,,,,,,,
development-member-inc,NY,2077898,https://www.documentcloud.org/documents/3893612-Development-Member-Inc.html,https://www.documentcloud.org/documents/3861182-DEVELOPMENT-MEMBER-INC-20170518072337.html,,,Eric Trump,Eric Trump;Lizebeth Kyprislidis;,New York,NY,10022.0,
trump-cps-llc,NY,2082174,https://www.documentcloud.org/documents/3893570-Trump-CPS-LLC.html,https://www.documentcloud.org/documents/3861219-TRUMP-CPS-LLC-20170518091552.html,https://www.documentcloud.org/documents/3861220-TRUMP-CPS-LLC-20170518091632.html,https://www.documentcloud.org/documents/3861220-TRUMP-CPS-LLC-20170518091632.html,None,Bernard Diamond;Sonja Talesnik;Elizabeth Kyprislidis;David Cohen,,,,
trump-cps-corp,NY,2082178,https://www.documentcloud.org/documents/3893571-Trump-CPS-Corp.html,https://www.documentcloud.org/documents/3861218-TRUMP-CPS-CORP-20170518091503.html,,,Eric Trump,Eric Trump;Lizebeth Kyprislidis;David Cohen,New York,NY,10022.0,
miss-universe-lp-lllp-formerly-trump-pageants-lp,NY,2084559,https://www.documentcloud.org/documents/3893555-Trump-Pageants-LP.html,,,,None,,,,,
trump-55-wall-corp,NY,2094987,https://www.documentcloud.org/documents/3893584-Trump-55-Wall-Corp.html,https://www.documentcloud.org/documents/3861209-TRUMP-55-WALL-CORP-20170518092244.html,,,Donald J. Trump,Donald J. Trump;Daniel Borbet,New York,NY,10022.0,
briar-hall-operations-llc,NY,2100244,https://www.documentcloud.org/documents/3893616-Briar-Hall-Operations.html,https://www.documentcloud.org/documents/3861175-BRIAR-HALL-OPERATIONS-LLC-20170518071956.html,,,None,Bernard Diamond;Glenn Niles Jr.,Briarcliff Manor,NY,10510.0,
flights-inc-formerly-trump-flights-inc,NY,2106510,https://www.documentcloud.org/documents/3870574-Flights-Inc-Formerly-Trump-Flights-Inc.html,,,,Eric Trump,,New York,NY,10022.0,
trump-106-cps-llc,NY,2128023,https://www.documentcloud.org/documents/3893585-Trump-106-CPS-LLC.html,https://www.documentcloud.org/documents/3861210-TRUMP-106-CPS-LLC-20170518092219.html,,,None,Bernard R. Diamond;Lizebeth Kyprislidis,New York,NY,10011.0,
trump-845-un-mgr-llc-fka-845-un-llc,NY,2143401,https://www.documentcloud.org/documents/3893575-Trump-845-UN-MGR-LLC.html,https://www.documentcloud.org/documents/3861166-845-UN-LLC-20170518093015.html,,,None,Meredith Rubin;Troy Bonjavanni,New York,NY,10011.0,
trump-845-un-gp-llc,NY,2155269,https://www.documentcloud.org/documents/3893577-Trump-845-UN-GP-LLC.html,https://www.documentcloud.org/documents/3861213-TRUMP-845-UN-GP-LLC-20170518092744.html,,,None,Donald J. Trump; Meredith Rubin,New York,NY,10022.0,
845-un-limited-partnership,NY,2163521,https://www.documentcloud.org/documents/3892685-845-UN-Limited-Partnership.html,,,,None,,New York,NY,10022.0,can we get original?
81-pine-note-holder-inc,NY,2180746,https://www.documentcloud.org/documents/3894370-81-Pine-Note-Holder-Inc.html,,,,Eric Trump,,New York,NY,10022.0,
yorktown-real-estate-llc-fka-yorktown-development-associates-llc,NY,2185411,https://www.documentcloud.org/documents/3893530-Yorktown-Real-Estate-LLC.html,https://www.documentcloud.org/documents/3861247-YORKTOWN-DEVELOPMENT-ASSOC-LLC20170518131509.html,,,None,Bernard Diamond;Donald J. Trump;Lizebeth Kyprislidis,New York,NY,10022.0,
trump-plaza-member-inc-fka-trump-plaza-corp,NY,2192660,https://www.documentcloud.org/documents/3893547-Trump-Plaza-Member-Inc.html,https://www.documentcloud.org/documents/3861237-TRUMP-PLAZA-CORP20170518130242.html,,,Eric Trump,Carol Glopsie;Abraham Wallach;Donald Trump;Eric Trump,New York,NY,10022.0,
trump-plaza-llc,NY,2193478,https://www.documentcloud.org/documents/3893546-Trump-Plaza-LLC.html,https://www.documentcloud.org/documents/3861170-ARTICLES-of-ORG-TRUMP-PLAZA-LLC20170518130545.html,,,None,Abraham Wallach;Donald Trump:Lizebeth Kyprislidis,New York,NY,10001.0,
trump-tower-commercial-llc,NY,2210786,https://www.documentcloud.org/documents/3894375-Trump-Tower-Commercial-LLC.html,,,,None,,New York,NY,10011.0,
trump-tower-managing-member-inc,NY,2210906,https://www.documentcloud.org/documents/3893537-Trump-Tower-Managing-Member-Inc.html,https://www.documentcloud.org/documents/3861179-CERTIFICATE-of-INCORP-TRUMP-TOWER-MANAGING.html,,,Eric Trump,Allen Weisselberg;Norma Foerderer;Donald Trump;Eric Trump;:Lizebeth Kyprislidies,New York,NY,10022.0,
indian-hills-holdings-llc-fka-indian-hills-development-llc,NY,2225777,https://www.documentcloud.org/documents/3893603-Indian-Hills-Holdings-LLC.html,https://www.documentcloud.org/documents/3861189-INDIAN-HILLS-DEVELOPMENT-20170518005332.html,,,None,Bernard Diamond;Lizebeth Kyprislidis,New York,NY,10022.0,
40-wall-street-member-corp,NY,2252552,https://www.documentcloud.org/documents/3894368-40-Wall-Street-Member-Corp.html,,,,Eric Trump,,New York,NY,10022.0,
trump-767-management-llc,NY,2281785,https://www.documentcloud.org/documents/3893582-Trump-767-Management-LLC.html,https://www.documentcloud.org/documents/3861211-TRUMP-767-MANAGEMENT-LLC-20170518092649.html,,,None,Bernard Diamond;Donald J. Trump;Meredith Rubin,New York,NY,10011.0,
trump-845-un-mgr-corp,NY,2304347,https://www.documentcloud.org/documents/3893576-Trump-845-UN-MGR-Corp.html,https://www.documentcloud.org/documents/3861214-TRUMP-845-UN-MGR-CORP-20170518092940.html,,,Eric Trump,Louis Petrocelli;Donald Trump;Eric Trump;Lizebeth Kyprislidis,New York,NY,10022.0,
tiht-commercial-llc,NY,2325655,https://www.documentcloud.org/documents/3893592-TIHT-Commercial-LLC.html,https://www.documentcloud.org/documents/3861202-TIHT-COMMERCIAL-LLC-20170518093430.html,,,None,Bernard Diamond;Lizebeth Kyprislidis,New York,NY,10011.0,
tmg-member-llc,NY,2333146,https://www.documentcloud.org/documents/3893588-TMG-Member-LLC.html,https://www.documentcloud.org/documents/3861206-TMG-MEMBER-LLC-20170518092046.html,,,None,Bernard Diamond;Lizbeth Kyprislidis,New York,NY,10022.0,
trump-korean-projects-llc,NY,2374820,https://www.documentcloud.org/documents/3893564-Trump-Korean-Projects-LLC.html,https://www.documentcloud.org/documents/3861227-TRUMP-KOREAN-PROJECTS-LLC-20170518093240.html,,,None,Bernard Diamond;Meredith Rubin;Troy Bonjavanni,New York,NY,10022.0,
3126-corporation,NY,2377334,https://www.documentcloud.org/documents/3893620-3126-Corporation.html,https://www.documentcloud.org/documents/3861177-CERTIFicate-of-3126-corp20170518070802.html,,,Michael Levchuck,Bernard Diamond;Troy Bonjavanni;Donald Trump,New York,NY,10023.0,
trump-organization-llc,NY,2405651,https://www.documentcloud.org/documents/3893557-Trump-Organization-LLC.html,https://www.documentcloud.org/documents/3861222-TRUMP-ENTERPRISES-LLC-20170518093504.html,,,None,Bernard Diamond;Donald J. Trump;Meredith Rubin,New York,NY,10011.0,
the-trump-organization-inc,NY,694908,https://www.documentcloud.org/documents/3899081-The-Trump-Organization-Inc.html,,,,Eric Trump,Eric Trump,New York,NY,10022.0,
trump-realty-services-llc-fka-trump-mortgage-services-llc-03-tower-mortgage-services-llc,NY,2504508,https://www.documentcloud.org/documents/3893543-Trump-Realty-Services-LLC.html,https://www.documentcloud.org/documents/3861191-NYS-DEPT-of-STAT-TOWER-MORTGAGE-SERV.html,,,None,Donald Trump;Lizebeth Kyprislidis,New York,NY,10011.0,
trump-riverside-management-llc,NY,2556763,https://www.documentcloud.org/documents/3893541-Trump-Riverside-Management-LLC.html,https://www.documentcloud.org/documents/3861241-TRUMP-RIVERSIDE-MGMT-20170518131327.html,,,None,Bernard Diamond;Lizebeth Kyprislidis;Meredith Rubin,New York,NY,10011.0,
trumpnew-world-property-management-llc,NY,2577131,https://www.documentcloud.org/documents/3893560-Trump-New-World-Property-Management-LLC.html,https://www.documentcloud.org/documents/3861230-TRUMP-NEW-WORLD-PROPERTY-MANAGEMENT-LLC.html,,,None,Lizebeth Kyprislidis,New York,NY,10022.0,
toronto-development-llc,NY,2655599,https://www.documentcloud.org/documents/3893586-Toronto-Development-LLC.html,https://www.documentcloud.org/documents/3861207-TORONTO-DEVELOPMENT-LLC-20170518092107.html,,,None,Meredith H. Rubin;Lizebeth Kyprislidis,New York,NY,10022.0,
trump-caribbean-llc,NY,2675885,https://www.documentcloud.org/documents/3893572-Trump-Caribbean-LLC.html,https://www.documentcloud.org/documents/3861216-TRUMP-CARIBBEAN-LLC-20170518091317.html,,,None,Donald J. Trump;Meredith Rubin,New York,NY,10011.0,
wollman-rink-operations-llc,NY,2682715,https://www.documentcloud.org/documents/3893531-Wollman-Rink-Operations-LLC.html,https://www.documentcloud.org/documents/3866236-WOLLMAN-RINK-OPERATIONS-LLC-20170518131617.html,,,None,Meredith Rubin;Donald J. Trump;Lizebeth Kyprislidis,New York,NY,10022.0,
trump-delmonico-llc,NY,2701631,https://www.documentcloud.org/documents/3893569-Trump-Delmonico-LLC.html,https://www.documentcloud.org/documents/3861221-TRUMP-DELMONICO-INC-20170518091818.html,,,None,Meredith Rubin;Lizebeth Kyprislidis,New York,NY,10011.0,
trump-park-avenue-llc,NY,2722181,https://www.documentcloud.org/documents/3893550-Trump-Park-Avenue-LLC.html,,,,None,,New York,NY,10011.0,
trump-management-inc,NY,275774,https://www.documentcloud.org/documents/3893563-Trump-Management-Inc.html,https://www.documentcloud.org/documents/3861178-CERTIFICATE-of-INCORP-TRUMP-MGMT-20170518131842.html,,,None,Fred C. Trump;John W. Walter,Manhasset,NY,11030.0,
trump-toronto-development-inc,NY,2882690,https://www.documentcloud.org/documents/3893539-Trump-Toronto-Development-Inc.html,https://www.documentcloud.org/documents/3861243-TRUMP-TORONTO-DEVELOPMEN-20170518012309.html,,,Eric Trump,Meredith Rubin;Eric Trump;Lizabeth Kyprislidis,New York,NY,10022.0,
trump-canadian-services-inc,NY,2882744,https://www.documentcloud.org/documents/3893573-Trump-Canadian-Services-Inc.html,https://www.documentcloud.org/documents/3861215-TRUMP-CANADIAN-SERVICES-INC-20170518091253.html,,,Eric Trump,Meredith Rubin;Eric Trump;Lizabeth Kyprislidis,New York,NY,10022.0,
trump-845-lp-llc,NY,2956126,https://www.documentcloud.org/documents/3893578-Trump-845-LP-LLC.html,https://www.documentcloud.org/documents/3861212-TRUMP-845-LP-LLC-20170518092724.html,,,None,Meredith Rubin;Lizebeth Kyprislidis,New York,NY,10011.0,
trump-restaurants-llc,NY,2967275,https://www.documentcloud.org/documents/3893542-Trump-Restaurants-LLC.html,https://www.documentcloud.org/documents/3861240-TRUMP-RESTERAUNTS-LLC20170518131425.html,,,None,Meredith Rubin;Lizebeth Kyprislidis,New York,NY,10022.0,
trump-ice-llc,NY,3031728,https://www.documentcloud.org/documents/3893565-Trump-Ice-LLC.html,https://www.documentcloud.org/documents/3861226-TRUMP-ICE-LLC-20170518093304.html,,,None,Sonja Talesnik;Lizebeth Kyprislidis,New York,NY,10011.0,
trump-world-publications-llc,NY,3059313,https://www.documentcloud.org/documents/3893535-Trump-World-Publications-LLC.html,https://www.documentcloud.org/documents/3861245-TRUMP-WORLD-PUBLICATIONS-LLC20170518131952.html,,,None,Bernard Diamond;Lizebeth Kyprislidis,New York,NY,10011.0,
the-trump-entrepreneur-initiative-llc-fka-trump-university-ca-llc,NY,3117713,https://www.documentcloud.org/documents/3893593-The-Trump-Entrepreneur-Initiative-LLC.html,,,,None,,New York,NY,10005.0,can we request original document?
djt-entrepreneur-member-llc-fka-djt-university-member-llc,NY,3117736,https://www.documentcloud.org/documents/3893610-DJT-Entrepreneur-Member-LLC.html,https://www.documentcloud.org/documents/3861184-DJT-UNIVERSITY-MEMBER-LL-20170518011239.html,,,None,Donald Trump;Lizebeth Kyprislidis;Troy Bonjavanni,New York,NY,10011.0,
djt-entrepreneur-managing-member-llc-fka-djt-university-managing-member-llc,NY,3117862,https://www.documentcloud.org/documents/3893611-DJT-Entrepreneur-Managing-Member-LLC.html,https://www.documentcloud.org/documents/3861183-DJT-UNIVERSITY-MANAGING-20170518011601.html,,,None,Jason Greenblatt;Troy Bonjavanni;Donald Trump,New York,NY,10011.0,
trump-park-avenue-acquisition-llc,NY,3128106,https://www.documentcloud.org/documents/3893551-Trump-Park-Avenue-Acquisition-LLC.html,https://www.documentcloud.org/documents/3861235-TRUMP-PARK-AVE-ACQUISITION-LLC20170518130805.html,,,None,Jason Greenblatt; Lizebeth Kyprislidis,New York,NY,10011.0,
tiht-holding-company-llc,NY,3151787,https://www.documentcloud.org/documents/3893591-TIHT-Holding-Company-LLC.html,https://www.documentcloud.org/documents/3861203-TIHT-HOLDING-COMPANY-LLC-20170518091925.html,,,None,Sonja Talesnik;Lizebeth Kyprislidis,New York,NY,10011.0,
trump-golf-management-llc,NY,3156830,https://www.documentcloud.org/documents/3893568-Trump-Golf-Management-LLC.html,https://www.documentcloud.org/documents/3861224-TRUMP-GOLF-MANAGEMENT-LLC-20170518091658.html,,,None,Jason Greenblatt;Lizebeth Kyprislidis,New York,NY,10011.0,
trump-soho-member-llc,NY,3352153,https://www.documentcloud.org/documents/3893540-Trump-SOHO-Member-LLC.html,https://www.documentcloud.org/documents/3866239-TRUMP-SOHO-MEMBER-LLC20170518131208.html,,,None,Jason D. Greenblatt;Lizebeth Kyprislidis,New York,NY,10011.0,
tiht-member-llc,NY,3390686,https://www.documentcloud.org/documents/3893590-TIHT-Member-LLC.html,https://www.documentcloud.org/documents/3861204-TIHT-MEMBER-LLC-20170518092000.html,,,None,Michelle Lokey;Lizebeth Kyprislidis,New York,NY,10011.0,
trump-ocean-managing-member-llc,NY,3407127,https://www.documentcloud.org/documents/3893558-Trump-Ocean-Managing-Member-LLC.html,https://www.documentcloud.org/documents/3866244-TRUMP-OCEAN-MANAGING-MEMBER-LLC.html,,,None,Bernard Diamond;Cynthia Arce;Jason Greenblatt,New York,NY,10001.0,
trump-ocean-manager-inc,NY,3407149,https://www.documentcloud.org/documents/3893559-Trump-Ocean-Manager-Inc.html,https://www.documentcloud.org/documents/3861231-TRUMP-OCEAN-MANAGER-INC-20170518012010.html,,,Donald J. Trump,Bernard R. Diamond;Donald Trump;Donald Trump Jr.;Ivanka Trump;Allen Weisselberg;Lizebeth Kyprislidis,New York,NY,10022.0,
trump-on-the-ocean-llc,NY,3407255,https://www.documentcloud.org/documents/3893552-Trump-on-the-Ocean-LLC.html,,,,None,Bernard Diamond;Cynthia Arce;,New York,NY,10011.0,
ocean-development-member-inc,NY,3486631,https://www.documentcloud.org/documents/3893600-Ocean-Development-Member-Inc.html,https://www.documentcloud.org/documents/3861192-OCEAN-DEVELOPMENT-MEMBER-20170518021325.html,,,Eric Trump,Lizebeth Kyprislidis;Bernard Diamond,New York,NY,10011.0,
trump-marks-soho-license-corp,NY,3529220,https://www.documentcloud.org/documents/3893562-Trump-Marks-SOHO-License-Corp.html,https://www.documentcloud.org/documents/3861228-TRUMP-MARKS-SOHO-LICENSE-CORP-20170518093146.html,,,Eric Trump,Jason D. Greenblatt;Eric Trump;Lizebeth Kyprislidis,New York,NY,10011.0,
trump-marks-soho-llc,NY,3529280,https://www.documentcloud.org/documents/3893561-Trump-Marks-SOHO-LLC.html,https://www.documentcloud.org/documents/3861229-TRUMP-MARKS-SOHO-LLC20170518125549.html,,,None,Jason Greenblatt;Ivanka Trump;Donald Trump,New York,NY,10011.0,
trump-toronto-hotel-management-corp,NY,3679518,https://www.documentcloud.org/documents/3893538-Trump-Toronto-Hotel-Management-Corp.html,,,,Donald J. Trump Jr.,,New York,NY,10022.0,
tipperary-realty-corp,NY,384096,https://www.documentcloud.org/documents/3893589-Tipperary-Realty-Corp.html,https://www.documentcloud.org/documents/3861205-TIPPERARY-REALTY-CORP-20170518092022.html,,,Eric Trump,Leif A. Tonnessen;Lizebeth Kyprislidis;Eric Trump,New York,NY,10022.0,
trump-world-productions-llc,NY,4151832,https://www.documentcloud.org/documents/3893533-Trump-World-Productions-LLC.html,,,,None,,New York,NY,10011.0,
trump-world-productions-manager-corp,NY,4154905,https://www.documentcloud.org/documents/3893534-Trump-World-Productions-Manager-Corp.html,,,,Eric Trump,,New York,NY,10022.0,
dt-app-warrant-holding-llc,NY,4213296,https://www.documentcloud.org/documents/3893609-DT-App-Warrant-Holding-LLC.html,https://www.documentcloud.org/documents/3861185-DT-APP-WARRANT-HOLDING-L-20170518010914.html,,,None,Lizebeth Kyprislidis,New York,NY,10011.0,
4-shadow-tree-lane-llc,NY,4300822,https://www.documentcloud.org/documents/3893783-4-Shadow-Tree-Lane-LLC.html,https://www.documentcloud.org/documents/3861168-ARTICLES-of-ORG-of-4-SHADOW-TREE-LANE-SECTION-203.html,,,None,"Sonja Talesnik;Lizebeth Kyprislidis;Eric Trump
",New York,NY,10011.0,
4-shadow-tree-lane-member-corp,NY,4300863,https://www.documentcloud.org/documents/3893618-4-Shadow-Tree-Lane-Member-Corp.html,https://www.documentcloud.org/documents/3860875-4-SHADOW-TREE-LAND-MEMBER-CORPA20170518071747.html,,,Eric Trump,Sonja Talesnik;Eric Trump;Lizebeth Kyprislidis,New York,NY,10022.0,
reg-tru-equities-ltd,NY,446376,https://www.documentcloud.org/documents/3893596-Reg-Tru-Equities-LTD.html,https://www.documentcloud.org/documents/3861197-REG-TRU-EQUITIES-LTD-20170518013513.html,,,Donald J. Trump,Leif Tonnessen;Donald Trump;Alan Garten;Lizebeth Kyprislidis,New York,NY,10022.0,
trump-palace-llc,NY,4714566,https://www.documentcloud.org/documents/3893554-Trump-Palace-LLC.html,,,,None,,Brooklyn,NY,11211.0,
dt-marks-bali-llc,NY,4780241,https://www.documentcloud.org/documents/3892668-DT-Marks-Bali-LLC.html,,,,None,,New York,NY,10011.0,can we request original document?
dt-marks-lido-llc,NY,4780243,https://www.documentcloud.org/documents/3893828-DT-Marks-Lido-LLC.html,,,,None,,New York,NY,10011.0,
shore-haven-management-corp,NY,63100,https://www.documentcloud.org/documents/3894373-Shore-Haven-Management-Corp.html,,,,Robert S. Trump,Lawrence Kirsch;John Walter;Robert Trump;Fred Trump,Brooklyn,NY,11223.0,
sussex-hall-inc,NY,66448,https://www.documentcloud.org/documents/3893594-Sussex-Hall-Inc.html,https://www.documentcloud.org/documents/3861199-SUSSEX-HALL-INC-20170518012533.html,,,Robert S. Trump,Marie Schmit;Josephine Holton:Helen O'Connor;Fred Trump;John Walter,Manhasset,NY,11030.0,*Added Durben & Totsi 
b-plaza-realty-corp,NY,711062,No NYS online record,https://www.documentcloud.org/documents/3861172-B-PLAZA-REALTY-CORP-20170518071138.html,,,,Mark Skubicki;Maria Silvestri;Donald Trump;Allen Weisselberg;Rhona Graff-Riccio;Mathew Calamari,,,,
algiers-hall-inc,NY,97482,No NYS online record,https://www.documentcloud.org/documents/3861167-ALGIERS-HALL-INC-20170518005622.html,,,,Irwin Durben;Marie Schmit;Wilhelmina Harrison;Fred Trump;Matthew Tossi;Robert Trump;John Walter,,,,
coronet-hall-inc,NY,97483,https://www.documentcloud.org/documents/3893613-Coronet-Hall-Inc.html,https://www.documentcloud.org/documents/3861181-CORNET-HALL-INC-20170518072216.html,,,Robert S. Trump,Irwin Durben;Marie Schmit;Wilhelmina Harrison;Robert Trump;John Walter;Fred Trump,Manhasset,NY,11030.0,
east-61-st-company-l-p-the,NY,,NYS online record appears to be a different company with the same name,https://www.documentcloud.org/documents/3861200-The-EAST-61-ST-COMPANY-20170518010701.html,,,,Donald Trump;Marc Intriligator,,,,
highlander-hall-inc,NY,,No NYS online record,https://www.documentcloud.org/documents/3861167-ALGIERS-HALL-INC-20170518005622.html,,,Fred C. Trump;Irwin Durben;Matthew Tosti;Robert S. Trump:John W. Walter,Bernard Diamond; ,,,,
ocean-development-services-llc,NY,3486551,https://www.documentcloud.org/documents/3903876-Ocean-Development-Services-LLC.html,https://www.documentcloud.org/documents/3861193-OCEAN-DEVELOPMENT-SERVIC-20170518014257.html,,,None,Bernard Diamond;Lizebeth Kyprislidis;Jason Greenblatt,,,,
the-trump-follies-llc,NY,3449237,https://www.documentcloud.org/documents/3903878-The-Trump-Follies-LLC.html,https://www.documentcloud.org/documents/3861201-The-TRUMP-FOLLIES-LLC-20170518021602.html,,,None,Bernard Diamond;Lizebeth Kyprislidis;,,,,
the-trump-follies-member-inc,NY,3449299,https://www.documentcloud.org/documents/3903879-The-Trump-Follies-Member-Inc.html,https://www.documentcloud.org/documents/3861223-TRUMP-FOLLIES-MEMBER-INC-20170518093410.html,,,Donald Trump Jr.,Donald Trump Jr.;Lizebeth Kyprislidis;Bernard Diamond,New York,NY,10022.0,
d-b-pace-acquisition-llc,SC,Not found,https://www.documentcloud.org/documents/3870573-D-B-Pace-Acquisition-LLC.html,,,,,,,,,
nitto-world-co-limited,UK,2124389,https://www.documentcloud.org/documents/3894380-Nitto-World-Co-Ltd.html,,,,,,,,,
slc-turnberry-limited,UK,SC177810,https://www.documentcloud.org/documents/3894381-SLC-Turnberry-Ltd.html,,,,Rhona Graff-Riccio;Eric Trump;Donald Trump JR.;Joyce Grime;Stefaan Haegeman;Iain Maury Campbell Meiklejohn;Tony Charles Sole;Mark Bennet Troy;Charlotte Secretaries Limited;Abdul Wahid AL Ulama;Charles Colletta;Robert Cotter;Theodore William Darnall;Thomas Edwin Junior Dupar;Ian Alistair Humphries-Russ;Nir Erel Margalit;Kenneth John Millar;Michael Mueller;Hamza Ali Abdullatif Mustafa;Michael Burns Neilson;Alan John Rogers;John Dell Sauter;Robert Lee Scott;Stewart Selbie;David Thomas Spencer;Donald J. Trump;Ivanka Trump;Michael Peter Wale;James Robert Will,,,,,
trump-international-golf-club-scotland-limited,UK,SC292100,https://www.documentcloud.org/documents/3894382-Trump-International-Golf-Club-Scotland.html,,,,,,,,,
golf-recreation-scotland-limited,UK,SC469689,https://www.documentcloud.org/documents/3894379-Golf-Recreation-Scotland-Ltd.html,,,,Rhona Graff-Riccio;Eric Trump;D.W. Company Services Limited;Kenneth Charles Rose;Donald John Trump;D.W. Company Services Limited;D.W. Director 1 Limited,,,,,
dt-connect-europe-limited,UK,SC497737,https://www.documentcloud.org/documents/3894378-DT-Connect-Europe-Ltd.html,,,,,,,,,
tag-air-inc,WA,602514155,https://www.documentcloud.org/documents/3870577-Tag-Air-Inc.html,,,,Allen Weisselberg;Eric Trump;Donald Trump Jr.,,,,,
